id,Age
15000,10
15001,10
15002,10
15003,10
15004,10
15005,10
15006,10
15007,10
15008,10
15009,10
15010,10
15011,10
15012,10
15013,10
15014,10
15015,10
15016,10
15017,10
15018,10
15019,10
15020,10
15021,10
15022,10
15023,10
15024,10
15025,10
15026,10
15027,10
15028,10
15029,10
15030,10
15031,10
15032,10
15033,10
15034,10
15035,10
15036,10
15037,10
15038,10
15039,10
15040,10
15041,10
15042,10
15043,10
15044,10
15045,10
15046,10
15047,10
15048,10
15049,10
15050,10
15051,10
15052,10
15053,10
15054,10
15055,10
15056,10
15057,10
15058,10
15059,10
15060,10
15061,10
15062,10
15063,10
15064,10
15065,10
15066,10
15067,10
15068,10
15069,10
15070,10
15071,10
15072,10
15073,10
15074,10
15075,10
15076,10
15077,10
15078,10
15079,10
15080,10
15081,10
15082,10
15083,10
15084,10
15085,10
15086,10
15087,10
15088,10
15089,10
15090,10
15091,10
15092,10
15093,10
15094,10
15095,10
15096,10
15097,10
15098,10
15099,10
15100,10
15101,10
15102,10
15103,10
15104,10
15105,10
15106,10
15107,10
15108,10
15109,10
15110,10
15111,10
15112,10
15113,10
15114,10
15115,10
15116,10
15117,10
15118,10
15119,10
15120,10
15121,10
15122,10
15123,10
15124,10
15125,10
15126,10
15127,10
15128,10
15129,10
15130,10
15131,10
15132,10
15133,10
15134,10
15135,10
15136,10
15137,10
15138,10
15139,10
15140,10
15141,10
15142,10
15143,10
15144,10
15145,10
15146,10
15147,10
15148,10
15149,10
15150,10
15151,10
15152,10
15153,10
15154,10
15155,10
15156,10
15157,10
15158,10
15159,10
15160,10
15161,10
15162,10
15163,10
15164,10
15165,10
15166,10
15167,10
15168,10
15169,10
15170,10
15171,10
15172,10
15173,10
15174,10
15175,10
15176,10
15177,10
15178,10
15179,10
15180,10
15181,10
15182,10
15183,10
15184,10
15185,10
15186,10
15187,10
15188,10
15189,10
15190,10
15191,10
15192,10
15193,10
15194,10
15195,10
15196,10
15197,10
15198,10
15199,10
15200,10
15201,10
15202,10
15203,10
15204,10
15205,10
15206,10
15207,10
15208,10
15209,10
15210,10
15211,10
15212,10
15213,10
15214,10
15215,10
15216,10
15217,10
15218,10
15219,10
15220,10
15221,10
15222,10
15223,10
15224,10
15225,10
15226,10
15227,10
15228,10
15229,10
15230,10
15231,10
15232,10
15233,10
15234,10
15235,10
15236,10
15237,10
15238,10
15239,10
15240,10
15241,10
15242,10
15243,10
15244,10
15245,10
15246,10
15247,10
15248,10
15249,10
15250,10
15251,10
15252,10
15253,10
15254,10
15255,10
15256,10
15257,10
15258,10
15259,10
15260,10
15261,10
15262,10
15263,10
15264,10
15265,10
15266,10
15267,10
15268,10
15269,10
15270,10
15271,10
15272,10
15273,10
15274,10
15275,10
15276,10
15277,10
15278,10
15279,10
15280,10
15281,10
15282,10
15283,10
15284,10
15285,10
15286,10
15287,10
15288,10
15289,10
15290,10
15291,10
15292,10
15293,10
15294,10
15295,10
15296,10
15297,10
15298,10
15299,10
15300,10
15301,10
15302,10
15303,10
15304,10
15305,10
15306,10
15307,10
15308,10
15309,10
15310,10
15311,10
15312,10
15313,10
15314,10
15315,10
15316,10
15317,10
15318,10
15319,10
15320,10
15321,10
15322,10
15323,10
15324,10
15325,10
15326,10
15327,10
15328,10
15329,10
15330,10
15331,10
15332,10
15333,10
15334,10
15335,10
15336,10
15337,10
15338,10
15339,10
15340,10
15341,10
15342,10
15343,10
15344,10
15345,10
15346,10
15347,10
15348,10
15349,10
15350,10
15351,10
15352,10
15353,10
15354,10
15355,10
15356,10
15357,10
15358,10
15359,10
15360,10
15361,10
15362,10
15363,10
15364,10
15365,10
15366,10
15367,10
15368,10
15369,10
15370,10
15371,10
15372,10
15373,10
15374,10
15375,10
15376,10
15377,10
15378,10
15379,10
15380,10
15381,10
15382,10
15383,10
15384,10
15385,10
15386,10
15387,10
15388,10
15389,10
15390,10
15391,10
15392,10
15393,10
15394,10
15395,10
15396,10
15397,10
15398,10
15399,10
15400,10
15401,10
15402,10
15403,10
15404,10
15405,10
15406,10
15407,10
15408,10
15409,10
15410,10
15411,10
15412,10
15413,10
15414,10
15415,10
15416,10
15417,10
15418,10
15419,10
15420,10
15421,10
15422,10
15423,10
15424,10
15425,10
15426,10
15427,10
15428,10
15429,10
15430,10
15431,10
15432,10
15433,10
15434,10
15435,10
15436,10
15437,10
15438,10
15439,10
15440,10
15441,10
15442,10
15443,10
15444,10
15445,10
15446,10
15447,10
15448,10
15449,10
15450,10
15451,10
15452,10
15453,10
15454,10
15455,10
15456,10
15457,10
15458,10
15459,10
15460,10
15461,10
15462,10
15463,10
15464,10
15465,10
15466,10
15467,10
15468,10
15469,10
15470,10
15471,10
15472,10
15473,10
15474,10
15475,10
15476,10
15477,10
15478,10
15479,10
15480,10
15481,10
15482,10
15483,10
15484,10
15485,10
15486,10
15487,10
15488,10
15489,10
15490,10
15491,10
15492,10
15493,10
15494,10
15495,10
15496,10
15497,10
15498,10
15499,10
15500,10
15501,10
15502,10
15503,10
15504,10
15505,10
15506,10
15507,10
15508,10
15509,10
15510,10
15511,10
15512,10
15513,10
15514,10
15515,10
15516,10
15517,10
15518,10
15519,10
15520,10
15521,10
15522,10
15523,10
15524,10
15525,10
15526,10
15527,10
15528,10
15529,10
15530,10
15531,10
15532,10
15533,10
15534,10
15535,10
15536,10
15537,10
15538,10
15539,10
15540,10
15541,10
15542,10
15543,10
15544,10
15545,10
15546,10
15547,10
15548,10
15549,10
15550,10
15551,10
15552,10
15553,10
15554,10
15555,10
15556,10
15557,10
15558,10
15559,10
15560,10
15561,10
15562,10
15563,10
15564,10
15565,10
15566,10
15567,10
15568,10
15569,10
15570,10
15571,10
15572,10
15573,10
15574,10
15575,10
15576,10
15577,10
15578,10
15579,10
15580,10
15581,10
15582,10
15583,10
15584,10
15585,10
15586,10
15587,10
15588,10
15589,10
15590,10
15591,10
15592,10
15593,10
15594,10
15595,10
15596,10
15597,10
15598,10
15599,10
15600,10
15601,10
15602,10
15603,10
15604,10
15605,10
15606,10
15607,10
15608,10
15609,10
15610,10
15611,10
15612,10
15613,10
15614,10
15615,10
15616,10
15617,10
15618,10
15619,10
15620,10
15621,10
15622,10
15623,10
15624,10
15625,10
15626,10
15627,10
15628,10
15629,10
15630,10
15631,10
15632,10
15633,10
15634,10
15635,10
15636,10
15637,10
15638,10
15639,10
15640,10
15641,10
15642,10
15643,10
15644,10
15645,10
15646,10
15647,10
15648,10
15649,10
15650,10
15651,10
15652,10
15653,10
15654,10
15655,10
15656,10
15657,10
15658,10
15659,10
15660,10
15661,10
15662,10
15663,10
15664,10
15665,10
15666,10
15667,10
15668,10
15669,10
15670,10
15671,10
15672,10
15673,10
15674,10
15675,10
15676,10
15677,10
15678,10
15679,10
15680,10
15681,10
15682,10
15683,10
15684,10
15685,10
15686,10
15687,10
15688,10
15689,10
15690,10
15691,10
15692,10
15693,10
15694,10
15695,10
15696,10
15697,10
15698,10
15699,10
15700,10
15701,10
15702,10
15703,10
15704,10
15705,10
15706,10
15707,10
15708,10
15709,10
15710,10
15711,10
15712,10
15713,10
15714,10
15715,10
15716,10
15717,10
15718,10
15719,10
15720,10
15721,10
15722,10
15723,10
15724,10
15725,10
15726,10
15727,10
15728,10
15729,10
15730,10
15731,10
15732,10
15733,10
15734,10
15735,10
15736,10
15737,10
15738,10
15739,10
15740,10
15741,10
15742,10
15743,10
15744,10
15745,10
15746,10
15747,10
15748,10
15749,10
15750,10
15751,10
15752,10
15753,10
15754,10
15755,10
15756,10
15757,10
15758,10
15759,10
15760,10
15761,10
15762,10
15763,10
15764,10
15765,10
15766,10
15767,10
15768,10
15769,10
15770,10
15771,10
15772,10
15773,10
15774,10
15775,10
15776,10
15777,10
15778,10
15779,10
15780,10
15781,10
15782,10
15783,10
15784,10
15785,10
15786,10
15787,10
15788,10
15789,10
15790,10
15791,10
15792,10
15793,10
15794,10
15795,10
15796,10
15797,10
15798,10
15799,10
15800,10
15801,10
15802,10
15803,10
15804,10
15805,10
15806,10
15807,10
15808,10
15809,10
15810,10
15811,10
15812,10
15813,10
15814,10
15815,10
15816,10
15817,10
15818,10
15819,10
15820,10
15821,10
15822,10
15823,10
15824,10
15825,10
15826,10
15827,10
15828,10
15829,10
15830,10
15831,10
15832,10
15833,10
15834,10
15835,10
15836,10
15837,10
15838,10
15839,10
15840,10
15841,10
15842,10
15843,10
15844,10
15845,10
15846,10
15847,10
15848,10
15849,10
15850,10
15851,10
15852,10
15853,10
15854,10
15855,10
15856,10
15857,10
15858,10
15859,10
15860,10
15861,10
15862,10
15863,10
15864,10
15865,10
15866,10
15867,10
15868,10
15869,10
15870,10
15871,10
15872,10
15873,10
15874,10
15875,10
15876,10
15877,10
15878,10
15879,10
15880,10
15881,10
15882,10
15883,10
15884,10
15885,10
15886,10
15887,10
15888,10
15889,10
15890,10
15891,10
15892,10
15893,10
15894,10
15895,10
15896,10
15897,10
15898,10
15899,10
15900,10
15901,10
15902,10
15903,10
15904,10
15905,10
15906,10
15907,10
15908,10
15909,10
15910,10
15911,10
15912,10
15913,10
15914,10
15915,10
15916,10
15917,10
15918,10
15919,10
15920,10
15921,10
15922,10
15923,10
15924,10
15925,10
15926,10
15927,10
15928,10
15929,10
15930,10
15931,10
15932,10
15933,10
15934,10
15935,10
15936,10
15937,10
15938,10
15939,10
15940,10
15941,10
15942,10
15943,10
15944,10
15945,10
15946,10
15947,10
15948,10
15949,10
15950,10
15951,10
15952,10
15953,10
15954,10
15955,10
15956,10
15957,10
15958,10
15959,10
15960,10
15961,10
15962,10
15963,10
15964,10
15965,10
15966,10
15967,10
15968,10
15969,10
15970,10
15971,10
15972,10
15973,10
15974,10
15975,10
15976,10
15977,10
15978,10
15979,10
15980,10
15981,10
15982,10
15983,10
15984,10
15985,10
15986,10
15987,10
15988,10
15989,10
15990,10
15991,10
15992,10
15993,10
15994,10
15995,10
15996,10
15997,10
15998,10
15999,10
16000,10
16001,10
16002,10
16003,10
16004,10
16005,10
16006,10
16007,10
16008,10
16009,10
16010,10
16011,10
16012,10
16013,10
16014,10
16015,10
16016,10
16017,10
16018,10
16019,10
16020,10
16021,10
16022,10
16023,10
16024,10
16025,10
16026,10
16027,10
16028,10
16029,10
16030,10
16031,10
16032,10
16033,10
16034,10
16035,10
16036,10
16037,10
16038,10
16039,10
16040,10
16041,10
16042,10
16043,10
16044,10
16045,10
16046,10
16047,10
16048,10
16049,10
16050,10
16051,10
16052,10
16053,10
16054,10
16055,10
16056,10
16057,10
16058,10
16059,10
16060,10
16061,10
16062,10
16063,10
16064,10
16065,10
16066,10
16067,10
16068,10
16069,10
16070,10
16071,10
16072,10
16073,10
16074,10
16075,10
16076,10
16077,10
16078,10
16079,10
16080,10
16081,10
16082,10
16083,10
16084,10
16085,10
16086,10
16087,10
16088,10
16089,10
16090,10
16091,10
16092,10
16093,10
16094,10
16095,10
16096,10
16097,10
16098,10
16099,10
16100,10
16101,10
16102,10
16103,10
16104,10
16105,10
16106,10
16107,10
16108,10
16109,10
16110,10
16111,10
16112,10
16113,10
16114,10
16115,10
16116,10
16117,10
16118,10
16119,10
16120,10
16121,10
16122,10
16123,10
16124,10
16125,10
16126,10
16127,10
16128,10
16129,10
16130,10
16131,10
16132,10
16133,10
16134,10
16135,10
16136,10
16137,10
16138,10
16139,10
16140,10
16141,10
16142,10
16143,10
16144,10
16145,10
16146,10
16147,10
16148,10
16149,10
16150,10
16151,10
16152,10
16153,10
16154,10
16155,10
16156,10
16157,10
16158,10
16159,10
16160,10
16161,10
16162,10
16163,10
16164,10
16165,10
16166,10
16167,10
16168,10
16169,10
16170,10
16171,10
16172,10
16173,10
16174,10
16175,10
16176,10
16177,10
16178,10
16179,10
16180,10
16181,10
16182,10
16183,10
16184,10
16185,10
16186,10
16187,10
16188,10
16189,10
16190,10
16191,10
16192,10
16193,10
16194,10
16195,10
16196,10
16197,10
16198,10
16199,10
16200,10
16201,10
16202,10
16203,10
16204,10
16205,10
16206,10
16207,10
16208,10
16209,10
16210,10
16211,10
16212,10
16213,10
16214,10
16215,10
16216,10
16217,10
16218,10
16219,10
16220,10
16221,10
16222,10
16223,10
16224,10
16225,10
16226,10
16227,10
16228,10
16229,10
16230,10
16231,10
16232,10
16233,10
16234,10
16235,10
16236,10
16237,10
16238,10
16239,10
16240,10
16241,10
16242,10
16243,10
16244,10
16245,10
16246,10
16247,10
16248,10
16249,10
16250,10
16251,10
16252,10
16253,10
16254,10
16255,10
16256,10
16257,10
16258,10
16259,10
16260,10
16261,10
16262,10
16263,10
16264,10
16265,10
16266,10
16267,10
16268,10
16269,10
16270,10
16271,10
16272,10
16273,10
16274,10
16275,10
16276,10
16277,10
16278,10
16279,10
16280,10
16281,10
16282,10
16283,10
16284,10
16285,10
16286,10
16287,10
16288,10
16289,10
16290,10
16291,10
16292,10
16293,10
16294,10
16295,10
16296,10
16297,10
16298,10
16299,10
16300,10
16301,10
16302,10
16303,10
16304,10
16305,10
16306,10
16307,10
16308,10
16309,10
16310,10
16311,10
16312,10
16313,10
16314,10
16315,10
16316,10
16317,10
16318,10
16319,10
16320,10
16321,10
16322,10
16323,10
16324,10
16325,10
16326,10
16327,10
16328,10
16329,10
16330,10
16331,10
16332,10
16333,10
16334,10
16335,10
16336,10
16337,10
16338,10
16339,10
16340,10
16341,10
16342,10
16343,10
16344,10
16345,10
16346,10
16347,10
16348,10
16349,10
16350,10
16351,10
16352,10
16353,10
16354,10
16355,10
16356,10
16357,10
16358,10
16359,10
16360,10
16361,10
16362,10
16363,10
16364,10
16365,10
16366,10
16367,10
16368,10
16369,10
16370,10
16371,10
16372,10
16373,10
16374,10
16375,10
16376,10
16377,10
16378,10
16379,10
16380,10
16381,10
16382,10
16383,10
16384,10
16385,10
16386,10
16387,10
16388,10
16389,10
16390,10
16391,10
16392,10
16393,10
16394,10
16395,10
16396,10
16397,10
16398,10
16399,10
16400,10
16401,10
16402,10
16403,10
16404,10
16405,10
16406,10
16407,10
16408,10
16409,10
16410,10
16411,10
16412,10
16413,10
16414,10
16415,10
16416,10
16417,10
16418,10
16419,10
16420,10
16421,10
16422,10
16423,10
16424,10
16425,10
16426,10
16427,10
16428,10
16429,10
16430,10
16431,10
16432,10
16433,10
16434,10
16435,10
16436,10
16437,10
16438,10
16439,10
16440,10
16441,10
16442,10
16443,10
16444,10
16445,10
16446,10
16447,10
16448,10
16449,10
16450,10
16451,10
16452,10
16453,10
16454,10
16455,10
16456,10
16457,10
16458,10
16459,10
16460,10
16461,10
16462,10
16463,10
16464,10
16465,10
16466,10
16467,10
16468,10
16469,10
16470,10
16471,10
16472,10
16473,10
16474,10
16475,10
16476,10
16477,10
16478,10
16479,10
16480,10
16481,10
16482,10
16483,10
16484,10
16485,10
16486,10
16487,10
16488,10
16489,10
16490,10
16491,10
16492,10
16493,10
16494,10
16495,10
16496,10
16497,10
16498,10
16499,10
16500,10
16501,10
16502,10
16503,10
16504,10
16505,10
16506,10
16507,10
16508,10
16509,10
16510,10
16511,10
16512,10
16513,10
16514,10
16515,10
16516,10
16517,10
16518,10
16519,10
16520,10
16521,10
16522,10
16523,10
16524,10
16525,10
16526,10
16527,10
16528,10
16529,10
16530,10
16531,10
16532,10
16533,10
16534,10
16535,10
16536,10
16537,10
16538,10
16539,10
16540,10
16541,10
16542,10
16543,10
16544,10
16545,10
16546,10
16547,10
16548,10
16549,10
16550,10
16551,10
16552,10
16553,10
16554,10
16555,10
16556,10
16557,10
16558,10
16559,10
16560,10
16561,10
16562,10
16563,10
16564,10
16565,10
16566,10
16567,10
16568,10
16569,10
16570,10
16571,10
16572,10
16573,10
16574,10
16575,10
16576,10
16577,10
16578,10
16579,10
16580,10
16581,10
16582,10
16583,10
16584,10
16585,10
16586,10
16587,10
16588,10
16589,10
16590,10
16591,10
16592,10
16593,10
16594,10
16595,10
16596,10
16597,10
16598,10
16599,10
16600,10
16601,10
16602,10
16603,10
16604,10
16605,10
16606,10
16607,10
16608,10
16609,10
16610,10
16611,10
16612,10
16613,10
16614,10
16615,10
16616,10
16617,10
16618,10
16619,10
16620,10
16621,10
16622,10
16623,10
16624,10
16625,10
16626,10
16627,10
16628,10
16629,10
16630,10
16631,10
16632,10
16633,10
16634,10
16635,10
16636,10
16637,10
16638,10
16639,10
16640,10
16641,10
16642,10
16643,10
16644,10
16645,10
16646,10
16647,10
16648,10
16649,10
16650,10
16651,10
16652,10
16653,10
16654,10
16655,10
16656,10
16657,10
16658,10
16659,10
16660,10
16661,10
16662,10
16663,10
16664,10
16665,10
16666,10
16667,10
16668,10
16669,10
16670,10
16671,10
16672,10
16673,10
16674,10
16675,10
16676,10
16677,10
16678,10
16679,10
16680,10
16681,10
16682,10
16683,10
16684,10
16685,10
16686,10
16687,10
16688,10
16689,10
16690,10
16691,10
16692,10
16693,10
16694,10
16695,10
16696,10
16697,10
16698,10
16699,10
16700,10
16701,10
16702,10
16703,10
16704,10
16705,10
16706,10
16707,10
16708,10
16709,10
16710,10
16711,10
16712,10
16713,10
16714,10
16715,10
16716,10
16717,10
16718,10
16719,10
16720,10
16721,10
16722,10
16723,10
16724,10
16725,10
16726,10
16727,10
16728,10
16729,10
16730,10
16731,10
16732,10
16733,10
16734,10
16735,10
16736,10
16737,10
16738,10
16739,10
16740,10
16741,10
16742,10
16743,10
16744,10
16745,10
16746,10
16747,10
16748,10
16749,10
16750,10
16751,10
16752,10
16753,10
16754,10
16755,10
16756,10
16757,10
16758,10
16759,10
16760,10
16761,10
16762,10
16763,10
16764,10
16765,10
16766,10
16767,10
16768,10
16769,10
16770,10
16771,10
16772,10
16773,10
16774,10
16775,10
16776,10
16777,10
16778,10
16779,10
16780,10
16781,10
16782,10
16783,10
16784,10
16785,10
16786,10
16787,10
16788,10
16789,10
16790,10
16791,10
16792,10
16793,10
16794,10
16795,10
16796,10
16797,10
16798,10
16799,10
16800,10
16801,10
16802,10
16803,10
16804,10
16805,10
16806,10
16807,10
16808,10
16809,10
16810,10
16811,10
16812,10
16813,10
16814,10
16815,10
16816,10
16817,10
16818,10
16819,10
16820,10
16821,10
16822,10
16823,10
16824,10
16825,10
16826,10
16827,10
16828,10
16829,10
16830,10
16831,10
16832,10
16833,10
16834,10
16835,10
16836,10
16837,10
16838,10
16839,10
16840,10
16841,10
16842,10
16843,10
16844,10
16845,10
16846,10
16847,10
16848,10
16849,10
16850,10
16851,10
16852,10
16853,10
16854,10
16855,10
16856,10
16857,10
16858,10
16859,10
16860,10
16861,10
16862,10
16863,10
16864,10
16865,10
16866,10
16867,10
16868,10
16869,10
16870,10
16871,10
16872,10
16873,10
16874,10
16875,10
16876,10
16877,10
16878,10
16879,10
16880,10
16881,10
16882,10
16883,10
16884,10
16885,10
16886,10
16887,10
16888,10
16889,10
16890,10
16891,10
16892,10
16893,10
16894,10
16895,10
16896,10
16897,10
16898,10
16899,10
16900,10
16901,10
16902,10
16903,10
16904,10
16905,10
16906,10
16907,10
16908,10
16909,10
16910,10
16911,10
16912,10
16913,10
16914,10
16915,10
16916,10
16917,10
16918,10
16919,10
16920,10
16921,10
16922,10
16923,10
16924,10
16925,10
16926,10
16927,10
16928,10
16929,10
16930,10
16931,10
16932,10
16933,10
16934,10
16935,10
16936,10
16937,10
16938,10
16939,10
16940,10
16941,10
16942,10
16943,10
16944,10
16945,10
16946,10
16947,10
16948,10
16949,10
16950,10
16951,10
16952,10
16953,10
16954,10
16955,10
16956,10
16957,10
16958,10
16959,10
16960,10
16961,10
16962,10
16963,10
16964,10
16965,10
16966,10
16967,10
16968,10
16969,10
16970,10
16971,10
16972,10
16973,10
16974,10
16975,10
16976,10
16977,10
16978,10
16979,10
16980,10
16981,10
16982,10
16983,10
16984,10
16985,10
16986,10
16987,10
16988,10
16989,10
16990,10
16991,10
16992,10
16993,10
16994,10
16995,10
16996,10
16997,10
16998,10
16999,10
17000,10
17001,10
17002,10
17003,10
17004,10
17005,10
17006,10
17007,10
17008,10
17009,10
17010,10
17011,10
17012,10
17013,10
17014,10
17015,10
17016,10
17017,10
17018,10
17019,10
17020,10
17021,10
17022,10
17023,10
17024,10
17025,10
17026,10
17027,10
17028,10
17029,10
17030,10
17031,10
17032,10
17033,10
17034,10
17035,10
17036,10
17037,10
17038,10
17039,10
17040,10
17041,10
17042,10
17043,10
17044,10
17045,10
17046,10
17047,10
17048,10
17049,10
17050,10
17051,10
17052,10
17053,10
17054,10
17055,10
17056,10
17057,10
17058,10
17059,10
17060,10
17061,10
17062,10
17063,10
17064,10
17065,10
17066,10
17067,10
17068,10
17069,10
17070,10
17071,10
17072,10
17073,10
17074,10
17075,10
17076,10
17077,10
17078,10
17079,10
17080,10
17081,10
17082,10
17083,10
17084,10
17085,10
17086,10
17087,10
17088,10
17089,10
17090,10
17091,10
17092,10
17093,10
17094,10
17095,10
17096,10
17097,10
17098,10
17099,10
17100,10
17101,10
17102,10
17103,10
17104,10
17105,10
17106,10
17107,10
17108,10
17109,10
17110,10
17111,10
17112,10
17113,10
17114,10
17115,10
17116,10
17117,10
17118,10
17119,10
17120,10
17121,10
17122,10
17123,10
17124,10
17125,10
17126,10
17127,10
17128,10
17129,10
17130,10
17131,10
17132,10
17133,10
17134,10
17135,10
17136,10
17137,10
17138,10
17139,10
17140,10
17141,10
17142,10
17143,10
17144,10
17145,10
17146,10
17147,10
17148,10
17149,10
17150,10
17151,10
17152,10
17153,10
17154,10
17155,10
17156,10
17157,10
17158,10
17159,10
17160,10
17161,10
17162,10
17163,10
17164,10
17165,10
17166,10
17167,10
17168,10
17169,10
17170,10
17171,10
17172,10
17173,10
17174,10
17175,10
17176,10
17177,10
17178,10
17179,10
17180,10
17181,10
17182,10
17183,10
17184,10
17185,10
17186,10
17187,10
17188,10
17189,10
17190,10
17191,10
17192,10
17193,10
17194,10
17195,10
17196,10
17197,10
17198,10
17199,10
17200,10
17201,10
17202,10
17203,10
17204,10
17205,10
17206,10
17207,10
17208,10
17209,10
17210,10
17211,10
17212,10
17213,10
17214,10
17215,10
17216,10
17217,10
17218,10
17219,10
17220,10
17221,10
17222,10
17223,10
17224,10
17225,10
17226,10
17227,10
17228,10
17229,10
17230,10
17231,10
17232,10
17233,10
17234,10
17235,10
17236,10
17237,10
17238,10
17239,10
17240,10
17241,10
17242,10
17243,10
17244,10
17245,10
17246,10
17247,10
17248,10
17249,10
17250,10
17251,10
17252,10
17253,10
17254,10
17255,10
17256,10
17257,10
17258,10
17259,10
17260,10
17261,10
17262,10
17263,10
17264,10
17265,10
17266,10
17267,10
17268,10
17269,10
17270,10
17271,10
17272,10
17273,10
17274,10
17275,10
17276,10
17277,10
17278,10
17279,10
17280,10
17281,10
17282,10
17283,10
17284,10
17285,10
17286,10
17287,10
17288,10
17289,10
17290,10
17291,10
17292,10
17293,10
17294,10
17295,10
17296,10
17297,10
17298,10
17299,10
17300,10
17301,10
17302,10
17303,10
17304,10
17305,10
17306,10
17307,10
17308,10
17309,10
17310,10
17311,10
17312,10
17313,10
17314,10
17315,10
17316,10
17317,10
17318,10
17319,10
17320,10
17321,10
17322,10
17323,10
17324,10
17325,10
17326,10
17327,10
17328,10
17329,10
17330,10
17331,10
17332,10
17333,10
17334,10
17335,10
17336,10
17337,10
17338,10
17339,10
17340,10
17341,10
17342,10
17343,10
17344,10
17345,10
17346,10
17347,10
17348,10
17349,10
17350,10
17351,10
17352,10
17353,10
17354,10
17355,10
17356,10
17357,10
17358,10
17359,10
17360,10
17361,10
17362,10
17363,10
17364,10
17365,10
17366,10
17367,10
17368,10
17369,10
17370,10
17371,10
17372,10
17373,10
17374,10
17375,10
17376,10
17377,10
17378,10
17379,10
17380,10
17381,10
17382,10
17383,10
17384,10
17385,10
17386,10
17387,10
17388,10
17389,10
17390,10
17391,10
17392,10
17393,10
17394,10
17395,10
17396,10
17397,10
17398,10
17399,10
17400,10
17401,10
17402,10
17403,10
17404,10
17405,10
17406,10
17407,10
17408,10
17409,10
17410,10
17411,10
17412,10
17413,10
17414,10
17415,10
17416,10
17417,10
17418,10
17419,10
17420,10
17421,10
17422,10
17423,10
17424,10
17425,10
17426,10
17427,10
17428,10
17429,10
17430,10
17431,10
17432,10
17433,10
17434,10
17435,10
17436,10
17437,10
17438,10
17439,10
17440,10
17441,10
17442,10
17443,10
17444,10
17445,10
17446,10
17447,10
17448,10
17449,10
17450,10
17451,10
17452,10
17453,10
17454,10
17455,10
17456,10
17457,10
17458,10
17459,10
17460,10
17461,10
17462,10
17463,10
17464,10
17465,10
17466,10
17467,10
17468,10
17469,10
17470,10
17471,10
17472,10
17473,10
17474,10
17475,10
17476,10
17477,10
17478,10
17479,10
17480,10
17481,10
17482,10
17483,10
17484,10
17485,10
17486,10
17487,10
17488,10
17489,10
17490,10
17491,10
17492,10
17493,10
17494,10
17495,10
17496,10
17497,10
17498,10
17499,10
17500,10
17501,10
17502,10
17503,10
17504,10
17505,10
17506,10
17507,10
17508,10
17509,10
17510,10
17511,10
17512,10
17513,10
17514,10
17515,10
17516,10
17517,10
17518,10
17519,10
17520,10
17521,10
17522,10
17523,10
17524,10
17525,10
17526,10
17527,10
17528,10
17529,10
17530,10
17531,10
17532,10
17533,10
17534,10
17535,10
17536,10
17537,10
17538,10
17539,10
17540,10
17541,10
17542,10
17543,10
17544,10
17545,10
17546,10
17547,10
17548,10
17549,10
17550,10
17551,10
17552,10
17553,10
17554,10
17555,10
17556,10
17557,10
17558,10
17559,10
17560,10
17561,10
17562,10
17563,10
17564,10
17565,10
17566,10
17567,10
17568,10
17569,10
17570,10
17571,10
17572,10
17573,10
17574,10
17575,10
17576,10
17577,10
17578,10
17579,10
17580,10
17581,10
17582,10
17583,10
17584,10
17585,10
17586,10
17587,10
17588,10
17589,10
17590,10
17591,10
17592,10
17593,10
17594,10
17595,10
17596,10
17597,10
17598,10
17599,10
17600,10
17601,10
17602,10
17603,10
17604,10
17605,10
17606,10
17607,10
17608,10
17609,10
17610,10
17611,10
17612,10
17613,10
17614,10
17615,10
17616,10
17617,10
17618,10
17619,10
17620,10
17621,10
17622,10
17623,10
17624,10
17625,10
17626,10
17627,10
17628,10
17629,10
17630,10
17631,10
17632,10
17633,10
17634,10
17635,10
17636,10
17637,10
17638,10
17639,10
17640,10
17641,10
17642,10
17643,10
17644,10
17645,10
17646,10
17647,10
17648,10
17649,10
17650,10
17651,10
17652,10
17653,10
17654,10
17655,10
17656,10
17657,10
17658,10
17659,10
17660,10
17661,10
17662,10
17663,10
17664,10
17665,10
17666,10
17667,10
17668,10
17669,10
17670,10
17671,10
17672,10
17673,10
17674,10
17675,10
17676,10
17677,10
17678,10
17679,10
17680,10
17681,10
17682,10
17683,10
17684,10
17685,10
17686,10
17687,10
17688,10
17689,10
17690,10
17691,10
17692,10
17693,10
17694,10
17695,10
17696,10
17697,10
17698,10
17699,10
17700,10
17701,10
17702,10
17703,10
17704,10
17705,10
17706,10
17707,10
17708,10
17709,10
17710,10
17711,10
17712,10
17713,10
17714,10
17715,10
17716,10
17717,10
17718,10
17719,10
17720,10
17721,10
17722,10
17723,10
17724,10
17725,10
17726,10
17727,10
17728,10
17729,10
17730,10
17731,10
17732,10
17733,10
17734,10
17735,10
17736,10
17737,10
17738,10
17739,10
17740,10
17741,10
17742,10
17743,10
17744,10
17745,10
17746,10
17747,10
17748,10
17749,10
17750,10
17751,10
17752,10
17753,10
17754,10
17755,10
17756,10
17757,10
17758,10
17759,10
17760,10
17761,10
17762,10
17763,10
17764,10
17765,10
17766,10
17767,10
17768,10
17769,10
17770,10
17771,10
17772,10
17773,10
17774,10
17775,10
17776,10
17777,10
17778,10
17779,10
17780,10
17781,10
17782,10
17783,10
17784,10
17785,10
17786,10
17787,10
17788,10
17789,10
17790,10
17791,10
17792,10
17793,10
17794,10
17795,10
17796,10
17797,10
17798,10
17799,10
17800,10
17801,10
17802,10
17803,10
17804,10
17805,10
17806,10
17807,10
17808,10
17809,10
17810,10
17811,10
17812,10
17813,10
17814,10
17815,10
17816,10
17817,10
17818,10
17819,10
17820,10
17821,10
17822,10
17823,10
17824,10
17825,10
17826,10
17827,10
17828,10
17829,10
17830,10
17831,10
17832,10
17833,10
17834,10
17835,10
17836,10
17837,10
17838,10
17839,10
17840,10
17841,10
17842,10
17843,10
17844,10
17845,10
17846,10
17847,10
17848,10
17849,10
17850,10
17851,10
17852,10
17853,10
17854,10
17855,10
17856,10
17857,10
17858,10
17859,10
17860,10
17861,10
17862,10
17863,10
17864,10
17865,10
17866,10
17867,10
17868,10
17869,10
17870,10
17871,10
17872,10
17873,10
17874,10
17875,10
17876,10
17877,10
17878,10
17879,10
17880,10
17881,10
17882,10
17883,10
17884,10
17885,10
17886,10
17887,10
17888,10
17889,10
17890,10
17891,10
17892,10
17893,10
17894,10
17895,10
17896,10
17897,10
17898,10
17899,10
17900,10
17901,10
17902,10
17903,10
17904,10
17905,10
17906,10
17907,10
17908,10
17909,10
17910,10
17911,10
17912,10
17913,10
17914,10
17915,10
17916,10
17917,10
17918,10
17919,10
17920,10
17921,10
17922,10
17923,10
17924,10
17925,10
17926,10
17927,10
17928,10
17929,10
17930,10
17931,10
17932,10
17933,10
17934,10
17935,10
17936,10
17937,10
17938,10
17939,10
17940,10
17941,10
17942,10
17943,10
17944,10
17945,10
17946,10
17947,10
17948,10
17949,10
17950,10
17951,10
17952,10
17953,10
17954,10
17955,10
17956,10
17957,10
17958,10
17959,10
17960,10
17961,10
17962,10
17963,10
17964,10
17965,10
17966,10
17967,10
17968,10
17969,10
17970,10
17971,10
17972,10
17973,10
17974,10
17975,10
17976,10
17977,10
17978,10
17979,10
17980,10
17981,10
17982,10
17983,10
17984,10
17985,10
17986,10
17987,10
17988,10
17989,10
17990,10
17991,10
17992,10
17993,10
17994,10
17995,10
17996,10
17997,10
17998,10
17999,10
18000,10
18001,10
18002,10
18003,10
18004,10
18005,10
18006,10
18007,10
18008,10
18009,10
18010,10
18011,10
18012,10
18013,10
18014,10
18015,10
18016,10
18017,10
18018,10
18019,10
18020,10
18021,10
18022,10
18023,10
18024,10
18025,10
18026,10
18027,10
18028,10
18029,10
18030,10
18031,10
18032,10
18033,10
18034,10
18035,10
18036,10
18037,10
18038,10
18039,10
18040,10
18041,10
18042,10
18043,10
18044,10
18045,10
18046,10
18047,10
18048,10
18049,10
18050,10
18051,10
18052,10
18053,10
18054,10
18055,10
18056,10
18057,10
18058,10
18059,10
18060,10
18061,10
18062,10
18063,10
18064,10
18065,10
18066,10
18067,10
18068,10
18069,10
18070,10
18071,10
18072,10
18073,10
18074,10
18075,10
18076,10
18077,10
18078,10
18079,10
18080,10
18081,10
18082,10
18083,10
18084,10
18085,10
18086,10
18087,10
18088,10
18089,10
18090,10
18091,10
18092,10
18093,10
18094,10
18095,10
18096,10
18097,10
18098,10
18099,10
18100,10
18101,10
18102,10
18103,10
18104,10
18105,10
18106,10
18107,10
18108,10
18109,10
18110,10
18111,10
18112,10
18113,10
18114,10
18115,10
18116,10
18117,10
18118,10
18119,10
18120,10
18121,10
18122,10
18123,10
18124,10
18125,10
18126,10
18127,10
18128,10
18129,10
18130,10
18131,10
18132,10
18133,10
18134,10
18135,10
18136,10
18137,10
18138,10
18139,10
18140,10
18141,10
18142,10
18143,10
18144,10
18145,10
18146,10
18147,10
18148,10
18149,10
18150,10
18151,10
18152,10
18153,10
18154,10
18155,10
18156,10
18157,10
18158,10
18159,10
18160,10
18161,10
18162,10
18163,10
18164,10
18165,10
18166,10
18167,10
18168,10
18169,10
18170,10
18171,10
18172,10
18173,10
18174,10
18175,10
18176,10
18177,10
18178,10
18179,10
18180,10
18181,10
18182,10
18183,10
18184,10
18185,10
18186,10
18187,10
18188,10
18189,10
18190,10
18191,10
18192,10
18193,10
18194,10
18195,10
18196,10
18197,10
18198,10
18199,10
18200,10
18201,10
18202,10
18203,10
18204,10
18205,10
18206,10
18207,10
18208,10
18209,10
18210,10
18211,10
18212,10
18213,10
18214,10
18215,10
18216,10
18217,10
18218,10
18219,10
18220,10
18221,10
18222,10
18223,10
18224,10
18225,10
18226,10
18227,10
18228,10
18229,10
18230,10
18231,10
18232,10
18233,10
18234,10
18235,10
18236,10
18237,10
18238,10
18239,10
18240,10
18241,10
18242,10
18243,10
18244,10
18245,10
18246,10
18247,10
18248,10
18249,10
18250,10
18251,10
18252,10
18253,10
18254,10
18255,10
18256,10
18257,10
18258,10
18259,10
18260,10
18261,10
18262,10
18263,10
18264,10
18265,10
18266,10
18267,10
18268,10
18269,10
18270,10
18271,10
18272,10
18273,10
18274,10
18275,10
18276,10
18277,10
18278,10
18279,10
18280,10
18281,10
18282,10
18283,10
18284,10
18285,10
18286,10
18287,10
18288,10
18289,10
18290,10
18291,10
18292,10
18293,10
18294,10
18295,10
18296,10
18297,10
18298,10
18299,10
18300,10
18301,10
18302,10
18303,10
18304,10
18305,10
18306,10
18307,10
18308,10
18309,10
18310,10
18311,10
18312,10
18313,10
18314,10
18315,10
18316,10
18317,10
18318,10
18319,10
18320,10
18321,10
18322,10
18323,10
18324,10
18325,10
18326,10
18327,10
18328,10
18329,10
18330,10
18331,10
18332,10
18333,10
18334,10
18335,10
18336,10
18337,10
18338,10
18339,10
18340,10
18341,10
18342,10
18343,10
18344,10
18345,10
18346,10
18347,10
18348,10
18349,10
18350,10
18351,10
18352,10
18353,10
18354,10
18355,10
18356,10
18357,10
18358,10
18359,10
18360,10
18361,10
18362,10
18363,10
18364,10
18365,10
18366,10
18367,10
18368,10
18369,10
18370,10
18371,10
18372,10
18373,10
18374,10
18375,10
18376,10
18377,10
18378,10
18379,10
18380,10
18381,10
18382,10
18383,10
18384,10
18385,10
18386,10
18387,10
18388,10
18389,10
18390,10
18391,10
18392,10
18393,10
18394,10
18395,10
18396,10
18397,10
18398,10
18399,10
18400,10
18401,10
18402,10
18403,10
18404,10
18405,10
18406,10
18407,10
18408,10
18409,10
18410,10
18411,10
18412,10
18413,10
18414,10
18415,10
18416,10
18417,10
18418,10
18419,10
18420,10
18421,10
18422,10
18423,10
18424,10
18425,10
18426,10
18427,10
18428,10
18429,10
18430,10
18431,10
18432,10
18433,10
18434,10
18435,10
18436,10
18437,10
18438,10
18439,10
18440,10
18441,10
18442,10
18443,10
18444,10
18445,10
18446,10
18447,10
18448,10
18449,10
18450,10
18451,10
18452,10
18453,10
18454,10
18455,10
18456,10
18457,10
18458,10
18459,10
18460,10
18461,10
18462,10
18463,10
18464,10
18465,10
18466,10
18467,10
18468,10
18469,10
18470,10
18471,10
18472,10
18473,10
18474,10
18475,10
18476,10
18477,10
18478,10
18479,10
18480,10
18481,10
18482,10
18483,10
18484,10
18485,10
18486,10
18487,10
18488,10
18489,10
18490,10
18491,10
18492,10
18493,10
18494,10
18495,10
18496,10
18497,10
18498,10
18499,10
18500,10
18501,10
18502,10
18503,10
18504,10
18505,10
18506,10
18507,10
18508,10
18509,10
18510,10
18511,10
18512,10
18513,10
18514,10
18515,10
18516,10
18517,10
18518,10
18519,10
18520,10
18521,10
18522,10
18523,10
18524,10
18525,10
18526,10
18527,10
18528,10
18529,10
18530,10
18531,10
18532,10
18533,10
18534,10
18535,10
18536,10
18537,10
18538,10
18539,10
18540,10
18541,10
18542,10
18543,10
18544,10
18545,10
18546,10
18547,10
18548,10
18549,10
18550,10
18551,10
18552,10
18553,10
18554,10
18555,10
18556,10
18557,10
18558,10
18559,10
18560,10
18561,10
18562,10
18563,10
18564,10
18565,10
18566,10
18567,10
18568,10
18569,10
18570,10
18571,10
18572,10
18573,10
18574,10
18575,10
18576,10
18577,10
18578,10
18579,10
18580,10
18581,10
18582,10
18583,10
18584,10
18585,10
18586,10
18587,10
18588,10
18589,10
18590,10
18591,10
18592,10
18593,10
18594,10
18595,10
18596,10
18597,10
18598,10
18599,10
18600,10
18601,10
18602,10
18603,10
18604,10
18605,10
18606,10
18607,10
18608,10
18609,10
18610,10
18611,10
18612,10
18613,10
18614,10
18615,10
18616,10
18617,10
18618,10
18619,10
18620,10
18621,10
18622,10
18623,10
18624,10
18625,10
18626,10
18627,10
18628,10
18629,10
18630,10
18631,10
18632,10
18633,10
18634,10
18635,10
18636,10
18637,10
18638,10
18639,10
18640,10
18641,10
18642,10
18643,10
18644,10
18645,10
18646,10
18647,10
18648,10
18649,10
18650,10
18651,10
18652,10
18653,10
18654,10
18655,10
18656,10
18657,10
18658,10
18659,10
18660,10
18661,10
18662,10
18663,10
18664,10
18665,10
18666,10
18667,10
18668,10
18669,10
18670,10
18671,10
18672,10
18673,10
18674,10
18675,10
18676,10
18677,10
18678,10
18679,10
18680,10
18681,10
18682,10
18683,10
18684,10
18685,10
18686,10
18687,10
18688,10
18689,10
18690,10
18691,10
18692,10
18693,10
18694,10
18695,10
18696,10
18697,10
18698,10
18699,10
18700,10
18701,10
18702,10
18703,10
18704,10
18705,10
18706,10
18707,10
18708,10
18709,10
18710,10
18711,10
18712,10
18713,10
18714,10
18715,10
18716,10
18717,10
18718,10
18719,10
18720,10
18721,10
18722,10
18723,10
18724,10
18725,10
18726,10
18727,10
18728,10
18729,10
18730,10
18731,10
18732,10
18733,10
18734,10
18735,10
18736,10
18737,10
18738,10
18739,10
18740,10
18741,10
18742,10
18743,10
18744,10
18745,10
18746,10
18747,10
18748,10
18749,10
18750,10
18751,10
18752,10
18753,10
18754,10
18755,10
18756,10
18757,10
18758,10
18759,10
18760,10
18761,10
18762,10
18763,10
18764,10
18765,10
18766,10
18767,10
18768,10
18769,10
18770,10
18771,10
18772,10
18773,10
18774,10
18775,10
18776,10
18777,10
18778,10
18779,10
18780,10
18781,10
18782,10
18783,10
18784,10
18785,10
18786,10
18787,10
18788,10
18789,10
18790,10
18791,10
18792,10
18793,10
18794,10
18795,10
18796,10
18797,10
18798,10
18799,10
18800,10
18801,10
18802,10
18803,10
18804,10
18805,10
18806,10
18807,10
18808,10
18809,10
18810,10
18811,10
18812,10
18813,10
18814,10
18815,10
18816,10
18817,10
18818,10
18819,10
18820,10
18821,10
18822,10
18823,10
18824,10
18825,10
18826,10
18827,10
18828,10
18829,10
18830,10
18831,10
18832,10
18833,10
18834,10
18835,10
18836,10
18837,10
18838,10
18839,10
18840,10
18841,10
18842,10
18843,10
18844,10
18845,10
18846,10
18847,10
18848,10
18849,10
18850,10
18851,10
18852,10
18853,10
18854,10
18855,10
18856,10
18857,10
18858,10
18859,10
18860,10
18861,10
18862,10
18863,10
18864,10
18865,10
18866,10
18867,10
18868,10
18869,10
18870,10
18871,10
18872,10
18873,10
18874,10
18875,10
18876,10
18877,10
18878,10
18879,10
18880,10
18881,10
18882,10
18883,10
18884,10
18885,10
18886,10
18887,10
18888,10
18889,10
18890,10
18891,10
18892,10
18893,10
18894,10
18895,10
18896,10
18897,10
18898,10
18899,10
18900,10
18901,10
18902,10
18903,10
18904,10
18905,10
18906,10
18907,10
18908,10
18909,10
18910,10
18911,10
18912,10
18913,10
18914,10
18915,10
18916,10
18917,10
18918,10
18919,10
18920,10
18921,10
18922,10
18923,10
18924,10
18925,10
18926,10
18927,10
18928,10
18929,10
18930,10
18931,10
18932,10
18933,10
18934,10
18935,10
18936,10
18937,10
18938,10
18939,10
18940,10
18941,10
18942,10
18943,10
18944,10
18945,10
18946,10
18947,10
18948,10
18949,10
18950,10
18951,10
18952,10
18953,10
18954,10
18955,10
18956,10
18957,10
18958,10
18959,10
18960,10
18961,10
18962,10
18963,10
18964,10
18965,10
18966,10
18967,10
18968,10
18969,10
18970,10
18971,10
18972,10
18973,10
18974,10
18975,10
18976,10
18977,10
18978,10
18979,10
18980,10
18981,10
18982,10
18983,10
18984,10
18985,10
18986,10
18987,10
18988,10
18989,10
18990,10
18991,10
18992,10
18993,10
18994,10
18995,10
18996,10
18997,10
18998,10
18999,10
19000,10
19001,10
19002,10
19003,10
19004,10
19005,10
19006,10
19007,10
19008,10
19009,10
19010,10
19011,10
19012,10
19013,10
19014,10
19015,10
19016,10
19017,10
19018,10
19019,10
19020,10
19021,10
19022,10
19023,10
19024,10
19025,10
19026,10
19027,10
19028,10
19029,10
19030,10
19031,10
19032,10
19033,10
19034,10
19035,10
19036,10
19037,10
19038,10
19039,10
19040,10
19041,10
19042,10
19043,10
19044,10
19045,10
19046,10
19047,10
19048,10
19049,10
19050,10
19051,10
19052,10
19053,10
19054,10
19055,10
19056,10
19057,10
19058,10
19059,10
19060,10
19061,10
19062,10
19063,10
19064,10
19065,10
19066,10
19067,10
19068,10
19069,10
19070,10
19071,10
19072,10
19073,10
19074,10
19075,10
19076,10
19077,10
19078,10
19079,10
19080,10
19081,10
19082,10
19083,10
19084,10
19085,10
19086,10
19087,10
19088,10
19089,10
19090,10
19091,10
19092,10
19093,10
19094,10
19095,10
19096,10
19097,10
19098,10
19099,10
19100,10
19101,10
19102,10
19103,10
19104,10
19105,10
19106,10
19107,10
19108,10
19109,10
19110,10
19111,10
19112,10
19113,10
19114,10
19115,10
19116,10
19117,10
19118,10
19119,10
19120,10
19121,10
19122,10
19123,10
19124,10
19125,10
19126,10
19127,10
19128,10
19129,10
19130,10
19131,10
19132,10
19133,10
19134,10
19135,10
19136,10
19137,10
19138,10
19139,10
19140,10
19141,10
19142,10
19143,10
19144,10
19145,10
19146,10
19147,10
19148,10
19149,10
19150,10
19151,10
19152,10
19153,10
19154,10
19155,10
19156,10
19157,10
19158,10
19159,10
19160,10
19161,10
19162,10
19163,10
19164,10
19165,10
19166,10
19167,10
19168,10
19169,10
19170,10
19171,10
19172,10
19173,10
19174,10
19175,10
19176,10
19177,10
19178,10
19179,10
19180,10
19181,10
19182,10
19183,10
19184,10
19185,10
19186,10
19187,10
19188,10
19189,10
19190,10
19191,10
19192,10
19193,10
19194,10
19195,10
19196,10
19197,10
19198,10
19199,10
19200,10
19201,10
19202,10
19203,10
19204,10
19205,10
19206,10
19207,10
19208,10
19209,10
19210,10
19211,10
19212,10
19213,10
19214,10
19215,10
19216,10
19217,10
19218,10
19219,10
19220,10
19221,10
19222,10
19223,10
19224,10
19225,10
19226,10
19227,10
19228,10
19229,10
19230,10
19231,10
19232,10
19233,10
19234,10
19235,10
19236,10
19237,10
19238,10
19239,10
19240,10
19241,10
19242,10
19243,10
19244,10
19245,10
19246,10
19247,10
19248,10
19249,10
19250,10
19251,10
19252,10
19253,10
19254,10
19255,10
19256,10
19257,10
19258,10
19259,10
19260,10
19261,10
19262,10
19263,10
19264,10
19265,10
19266,10
19267,10
19268,10
19269,10
19270,10
19271,10
19272,10
19273,10
19274,10
19275,10
19276,10
19277,10
19278,10
19279,10
19280,10
19281,10
19282,10
19283,10
19284,10
19285,10
19286,10
19287,10
19288,10
19289,10
19290,10
19291,10
19292,10
19293,10
19294,10
19295,10
19296,10
19297,10
19298,10
19299,10
19300,10
19301,10
19302,10
19303,10
19304,10
19305,10
19306,10
19307,10
19308,10
19309,10
19310,10
19311,10
19312,10
19313,10
19314,10
19315,10
19316,10
19317,10
19318,10
19319,10
19320,10
19321,10
19322,10
19323,10
19324,10
19325,10
19326,10
19327,10
19328,10
19329,10
19330,10
19331,10
19332,10
19333,10
19334,10
19335,10
19336,10
19337,10
19338,10
19339,10
19340,10
19341,10
19342,10
19343,10
19344,10
19345,10
19346,10
19347,10
19348,10
19349,10
19350,10
19351,10
19352,10
19353,10
19354,10
19355,10
19356,10
19357,10
19358,10
19359,10
19360,10
19361,10
19362,10
19363,10
19364,10
19365,10
19366,10
19367,10
19368,10
19369,10
19370,10
19371,10
19372,10
19373,10
19374,10
19375,10
19376,10
19377,10
19378,10
19379,10
19380,10
19381,10
19382,10
19383,10
19384,10
19385,10
19386,10
19387,10
19388,10
19389,10
19390,10
19391,10
19392,10
19393,10
19394,10
19395,10
19396,10
19397,10
19398,10
19399,10
19400,10
19401,10
19402,10
19403,10
19404,10
19405,10
19406,10
19407,10
19408,10
19409,10
19410,10
19411,10
19412,10
19413,10
19414,10
19415,10
19416,10
19417,10
19418,10
19419,10
19420,10
19421,10
19422,10
19423,10
19424,10
19425,10
19426,10
19427,10
19428,10
19429,10
19430,10
19431,10
19432,10
19433,10
19434,10
19435,10
19436,10
19437,10
19438,10
19439,10
19440,10
19441,10
19442,10
19443,10
19444,10
19445,10
19446,10
19447,10
19448,10
19449,10
19450,10
19451,10
19452,10
19453,10
19454,10
19455,10
19456,10
19457,10
19458,10
19459,10
19460,10
19461,10
19462,10
19463,10
19464,10
19465,10
19466,10
19467,10
19468,10
19469,10
19470,10
19471,10
19472,10
19473,10
19474,10
19475,10
19476,10
19477,10
19478,10
19479,10
19480,10
19481,10
19482,10
19483,10
19484,10
19485,10
19486,10
19487,10
19488,10
19489,10
19490,10
19491,10
19492,10
19493,10
19494,10
19495,10
19496,10
19497,10
19498,10
19499,10
19500,10
19501,10
19502,10
19503,10
19504,10
19505,10
19506,10
19507,10
19508,10
19509,10
19510,10
19511,10
19512,10
19513,10
19514,10
19515,10
19516,10
19517,10
19518,10
19519,10
19520,10
19521,10
19522,10
19523,10
19524,10
19525,10
19526,10
19527,10
19528,10
19529,10
19530,10
19531,10
19532,10
19533,10
19534,10
19535,10
19536,10
19537,10
19538,10
19539,10
19540,10
19541,10
19542,10
19543,10
19544,10
19545,10
19546,10
19547,10
19548,10
19549,10
19550,10
19551,10
19552,10
19553,10
19554,10
19555,10
19556,10
19557,10
19558,10
19559,10
19560,10
19561,10
19562,10
19563,10
19564,10
19565,10
19566,10
19567,10
19568,10
19569,10
19570,10
19571,10
19572,10
19573,10
19574,10
19575,10
19576,10
19577,10
19578,10
19579,10
19580,10
19581,10
19582,10
19583,10
19584,10
19585,10
19586,10
19587,10
19588,10
19589,10
19590,10
19591,10
19592,10
19593,10
19594,10
19595,10
19596,10
19597,10
19598,10
19599,10
19600,10
19601,10
19602,10
19603,10
19604,10
19605,10
19606,10
19607,10
19608,10
19609,10
19610,10
19611,10
19612,10
19613,10
19614,10
19615,10
19616,10
19617,10
19618,10
19619,10
19620,10
19621,10
19622,10
19623,10
19624,10
19625,10
19626,10
19627,10
19628,10
19629,10
19630,10
19631,10
19632,10
19633,10
19634,10
19635,10
19636,10
19637,10
19638,10
19639,10
19640,10
19641,10
19642,10
19643,10
19644,10
19645,10
19646,10
19647,10
19648,10
19649,10
19650,10
19651,10
19652,10
19653,10
19654,10
19655,10
19656,10
19657,10
19658,10
19659,10
19660,10
19661,10
19662,10
19663,10
19664,10
19665,10
19666,10
19667,10
19668,10
19669,10
19670,10
19671,10
19672,10
19673,10
19674,10
19675,10
19676,10
19677,10
19678,10
19679,10
19680,10
19681,10
19682,10
19683,10
19684,10
19685,10
19686,10
19687,10
19688,10
19689,10
19690,10
19691,10
19692,10
19693,10
19694,10
19695,10
19696,10
19697,10
19698,10
19699,10
19700,10
19701,10
19702,10
19703,10
19704,10
19705,10
19706,10
19707,10
19708,10
19709,10
19710,10
19711,10
19712,10
19713,10
19714,10
19715,10
19716,10
19717,10
19718,10
19719,10
19720,10
19721,10
19722,10
19723,10
19724,10
19725,10
19726,10
19727,10
19728,10
19729,10
19730,10
19731,10
19732,10
19733,10
19734,10
19735,10
19736,10
19737,10
19738,10
19739,10
19740,10
19741,10
19742,10
19743,10
19744,10
19745,10
19746,10
19747,10
19748,10
19749,10
19750,10
19751,10
19752,10
19753,10
19754,10
19755,10
19756,10
19757,10
19758,10
19759,10
19760,10
19761,10
19762,10
19763,10
19764,10
19765,10
19766,10
19767,10
19768,10
19769,10
19770,10
19771,10
19772,10
19773,10
19774,10
19775,10
19776,10
19777,10
19778,10
19779,10
19780,10
19781,10
19782,10
19783,10
19784,10
19785,10
19786,10
19787,10
19788,10
19789,10
19790,10
19791,10
19792,10
19793,10
19794,10
19795,10
19796,10
19797,10
19798,10
19799,10
19800,10
19801,10
19802,10
19803,10
19804,10
19805,10
19806,10
19807,10
19808,10
19809,10
19810,10
19811,10
19812,10
19813,10
19814,10
19815,10
19816,10
19817,10
19818,10
19819,10
19820,10
19821,10
19822,10
19823,10
19824,10
19825,10
19826,10
19827,10
19828,10
19829,10
19830,10
19831,10
19832,10
19833,10
19834,10
19835,10
19836,10
19837,10
19838,10
19839,10
19840,10
19841,10
19842,10
19843,10
19844,10
19845,10
19846,10
19847,10
19848,10
19849,10
19850,10
19851,10
19852,10
19853,10
19854,10
19855,10
19856,10
19857,10
19858,10
19859,10
19860,10
19861,10
19862,10
19863,10
19864,10
19865,10
19866,10
19867,10
19868,10
19869,10
19870,10
19871,10
19872,10
19873,10
19874,10
19875,10
19876,10
19877,10
19878,10
19879,10
19880,10
19881,10
19882,10
19883,10
19884,10
19885,10
19886,10
19887,10
19888,10
19889,10
19890,10
19891,10
19892,10
19893,10
19894,10
19895,10
19896,10
19897,10
19898,10
19899,10
19900,10
19901,10
19902,10
19903,10
19904,10
19905,10
19906,10
19907,10
19908,10
19909,10
19910,10
19911,10
19912,10
19913,10
19914,10
19915,10
19916,10
19917,10
19918,10
19919,10
19920,10
19921,10
19922,10
19923,10
19924,10
19925,10
19926,10
19927,10
19928,10
19929,10
19930,10
19931,10
19932,10
19933,10
19934,10
19935,10
19936,10
19937,10
19938,10
19939,10
19940,10
19941,10
19942,10
19943,10
19944,10
19945,10
19946,10
19947,10
19948,10
19949,10
19950,10
19951,10
19952,10
19953,10
19954,10
19955,10
19956,10
19957,10
19958,10
19959,10
19960,10
19961,10
19962,10
19963,10
19964,10
19965,10
19966,10
19967,10
19968,10
19969,10
19970,10
19971,10
19972,10
19973,10
19974,10
19975,10
19976,10
19977,10
19978,10
19979,10
19980,10
19981,10
19982,10
19983,10
19984,10
19985,10
19986,10
19987,10
19988,10
19989,10
19990,10
19991,10
19992,10
19993,10
19994,10
19995,10
19996,10
19997,10
19998,10
19999,10
20000,10
20001,10
20002,10
20003,10
20004,10
20005,10
20006,10
20007,10
20008,10
20009,10
20010,10
20011,10
20012,10
20013,10
20014,10
20015,10
20016,10
20017,10
20018,10
20019,10
20020,10
20021,10
20022,10
20023,10
20024,10
20025,10
20026,10
20027,10
20028,10
20029,10
20030,10
20031,10
20032,10
20033,10
20034,10
20035,10
20036,10
20037,10
20038,10
20039,10
20040,10
20041,10
20042,10
20043,10
20044,10
20045,10
20046,10
20047,10
20048,10
20049,10
20050,10
20051,10
20052,10
20053,10
20054,10
20055,10
20056,10
20057,10
20058,10
20059,10
20060,10
20061,10
20062,10
20063,10
20064,10
20065,10
20066,10
20067,10
20068,10
20069,10
20070,10
20071,10
20072,10
20073,10
20074,10
20075,10
20076,10
20077,10
20078,10
20079,10
20080,10
20081,10
20082,10
20083,10
20084,10
20085,10
20086,10
20087,10
20088,10
20089,10
20090,10
20091,10
20092,10
20093,10
20094,10
20095,10
20096,10
20097,10
20098,10
20099,10
20100,10
20101,10
20102,10
20103,10
20104,10
20105,10
20106,10
20107,10
20108,10
20109,10
20110,10
20111,10
20112,10
20113,10
20114,10
20115,10
20116,10
20117,10
20118,10
20119,10
20120,10
20121,10
20122,10
20123,10
20124,10
20125,10
20126,10
20127,10
20128,10
20129,10
20130,10
20131,10
20132,10
20133,10
20134,10
20135,10
20136,10
20137,10
20138,10
20139,10
20140,10
20141,10
20142,10
20143,10
20144,10
20145,10
20146,10
20147,10
20148,10
20149,10
20150,10
20151,10
20152,10
20153,10
20154,10
20155,10
20156,10
20157,10
20158,10
20159,10
20160,10
20161,10
20162,10
20163,10
20164,10
20165,10
20166,10
20167,10
20168,10
20169,10
20170,10
20171,10
20172,10
20173,10
20174,10
20175,10
20176,10
20177,10
20178,10
20179,10
20180,10
20181,10
20182,10
20183,10
20184,10
20185,10
20186,10
20187,10
20188,10
20189,10
20190,10
20191,10
20192,10
20193,10
20194,10
20195,10
20196,10
20197,10
20198,10
20199,10
20200,10
20201,10
20202,10
20203,10
20204,10
20205,10
20206,10
20207,10
20208,10
20209,10
20210,10
20211,10
20212,10
20213,10
20214,10
20215,10
20216,10
20217,10
20218,10
20219,10
20220,10
20221,10
20222,10
20223,10
20224,10
20225,10
20226,10
20227,10
20228,10
20229,10
20230,10
20231,10
20232,10
20233,10
20234,10
20235,10
20236,10
20237,10
20238,10
20239,10
20240,10
20241,10
20242,10
20243,10
20244,10
20245,10
20246,10
20247,10
20248,10
20249,10
20250,10
20251,10
20252,10
20253,10
20254,10
20255,10
20256,10
20257,10
20258,10
20259,10
20260,10
20261,10
20262,10
20263,10
20264,10
20265,10
20266,10
20267,10
20268,10
20269,10
20270,10
20271,10
20272,10
20273,10
20274,10
20275,10
20276,10
20277,10
20278,10
20279,10
20280,10
20281,10
20282,10
20283,10
20284,10
20285,10
20286,10
20287,10
20288,10
20289,10
20290,10
20291,10
20292,10
20293,10
20294,10
20295,10
20296,10
20297,10
20298,10
20299,10
20300,10
20301,10
20302,10
20303,10
20304,10
20305,10
20306,10
20307,10
20308,10
20309,10
20310,10
20311,10
20312,10
20313,10
20314,10
20315,10
20316,10
20317,10
20318,10
20319,10
20320,10
20321,10
20322,10
20323,10
20324,10
20325,10
20326,10
20327,10
20328,10
20329,10
20330,10
20331,10
20332,10
20333,10
20334,10
20335,10
20336,10
20337,10
20338,10
20339,10
20340,10
20341,10
20342,10
20343,10
20344,10
20345,10
20346,10
20347,10
20348,10
20349,10
20350,10
20351,10
20352,10
20353,10
20354,10
20355,10
20356,10
20357,10
20358,10
20359,10
20360,10
20361,10
20362,10
20363,10
20364,10
20365,10
20366,10
20367,10
20368,10
20369,10
20370,10
20371,10
20372,10
20373,10
20374,10
20375,10
20376,10
20377,10
20378,10
20379,10
20380,10
20381,10
20382,10
20383,10
20384,10
20385,10
20386,10
20387,10
20388,10
20389,10
20390,10
20391,10
20392,10
20393,10
20394,10
20395,10
20396,10
20397,10
20398,10
20399,10
20400,10
20401,10
20402,10
20403,10
20404,10
20405,10
20406,10
20407,10
20408,10
20409,10
20410,10
20411,10
20412,10
20413,10
20414,10
20415,10
20416,10
20417,10
20418,10
20419,10
20420,10
20421,10
20422,10
20423,10
20424,10
20425,10
20426,10
20427,10
20428,10
20429,10
20430,10
20431,10
20432,10
20433,10
20434,10
20435,10
20436,10
20437,10
20438,10
20439,10
20440,10
20441,10
20442,10
20443,10
20444,10
20445,10
20446,10
20447,10
20448,10
20449,10
20450,10
20451,10
20452,10
20453,10
20454,10
20455,10
20456,10
20457,10
20458,10
20459,10
20460,10
20461,10
20462,10
20463,10
20464,10
20465,10
20466,10
20467,10
20468,10
20469,10
20470,10
20471,10
20472,10
20473,10
20474,10
20475,10
20476,10
20477,10
20478,10
20479,10
20480,10
20481,10
20482,10
20483,10
20484,10
20485,10
20486,10
20487,10
20488,10
20489,10
20490,10
20491,10
20492,10
20493,10
20494,10
20495,10
20496,10
20497,10
20498,10
20499,10
20500,10
20501,10
20502,10
20503,10
20504,10
20505,10
20506,10
20507,10
20508,10
20509,10
20510,10
20511,10
20512,10
20513,10
20514,10
20515,10
20516,10
20517,10
20518,10
20519,10
20520,10
20521,10
20522,10
20523,10
20524,10
20525,10
20526,10
20527,10
20528,10
20529,10
20530,10
20531,10
20532,10
20533,10
20534,10
20535,10
20536,10
20537,10
20538,10
20539,10
20540,10
20541,10
20542,10
20543,10
20544,10
20545,10
20546,10
20547,10
20548,10
20549,10
20550,10
20551,10
20552,10
20553,10
20554,10
20555,10
20556,10
20557,10
20558,10
20559,10
20560,10
20561,10
20562,10
20563,10
20564,10
20565,10
20566,10
20567,10
20568,10
20569,10
20570,10
20571,10
20572,10
20573,10
20574,10
20575,10
20576,10
20577,10
20578,10
20579,10
20580,10
20581,10
20582,10
20583,10
20584,10
20585,10
20586,10
20587,10
20588,10
20589,10
20590,10
20591,10
20592,10
20593,10
20594,10
20595,10
20596,10
20597,10
20598,10
20599,10
20600,10
20601,10
20602,10
20603,10
20604,10
20605,10
20606,10
20607,10
20608,10
20609,10
20610,10
20611,10
20612,10
20613,10
20614,10
20615,10
20616,10
20617,10
20618,10
20619,10
20620,10
20621,10
20622,10
20623,10
20624,10
20625,10
20626,10
20627,10
20628,10
20629,10
20630,10
20631,10
20632,10
20633,10
20634,10
20635,10
20636,10
20637,10
20638,10
20639,10
20640,10
20641,10
20642,10
20643,10
20644,10
20645,10
20646,10
20647,10
20648,10
20649,10
20650,10
20651,10
20652,10
20653,10
20654,10
20655,10
20656,10
20657,10
20658,10
20659,10
20660,10
20661,10
20662,10
20663,10
20664,10
20665,10
20666,10
20667,10
20668,10
20669,10
20670,10
20671,10
20672,10
20673,10
20674,10
20675,10
20676,10
20677,10
20678,10
20679,10
20680,10
20681,10
20682,10
20683,10
20684,10
20685,10
20686,10
20687,10
20688,10
20689,10
20690,10
20691,10
20692,10
20693,10
20694,10
20695,10
20696,10
20697,10
20698,10
20699,10
20700,10
20701,10
20702,10
20703,10
20704,10
20705,10
20706,10
20707,10
20708,10
20709,10
20710,10
20711,10
20712,10
20713,10
20714,10
20715,10
20716,10
20717,10
20718,10
20719,10
20720,10
20721,10
20722,10
20723,10
20724,10
20725,10
20726,10
20727,10
20728,10
20729,10
20730,10
20731,10
20732,10
20733,10
20734,10
20735,10
20736,10
20737,10
20738,10
20739,10
20740,10
20741,10
20742,10
20743,10
20744,10
20745,10
20746,10
20747,10
20748,10
20749,10
20750,10
20751,10
20752,10
20753,10
20754,10
20755,10
20756,10
20757,10
20758,10
20759,10
20760,10
20761,10
20762,10
20763,10
20764,10
20765,10
20766,10
20767,10
20768,10
20769,10
20770,10
20771,10
20772,10
20773,10
20774,10
20775,10
20776,10
20777,10
20778,10
20779,10
20780,10
20781,10
20782,10
20783,10
20784,10
20785,10
20786,10
20787,10
20788,10
20789,10
20790,10
20791,10
20792,10
20793,10
20794,10
20795,10
20796,10
20797,10
20798,10
20799,10
20800,10
20801,10
20802,10
20803,10
20804,10
20805,10
20806,10
20807,10
20808,10
20809,10
20810,10
20811,10
20812,10
20813,10
20814,10
20815,10
20816,10
20817,10
20818,10
20819,10
20820,10
20821,10
20822,10
20823,10
20824,10
20825,10
20826,10
20827,10
20828,10
20829,10
20830,10
20831,10
20832,10
20833,10
20834,10
20835,10
20836,10
20837,10
20838,10
20839,10
20840,10
20841,10
20842,10
20843,10
20844,10
20845,10
20846,10
20847,10
20848,10
20849,10
20850,10
20851,10
20852,10
20853,10
20854,10
20855,10
20856,10
20857,10
20858,10
20859,10
20860,10
20861,10
20862,10
20863,10
20864,10
20865,10
20866,10
20867,10
20868,10
20869,10
20870,10
20871,10
20872,10
20873,10
20874,10
20875,10
20876,10
20877,10
20878,10
20879,10
20880,10
20881,10
20882,10
20883,10
20884,10
20885,10
20886,10
20887,10
20888,10
20889,10
20890,10
20891,10
20892,10
20893,10
20894,10
20895,10
20896,10
20897,10
20898,10
20899,10
20900,10
20901,10
20902,10
20903,10
20904,10
20905,10
20906,10
20907,10
20908,10
20909,10
20910,10
20911,10
20912,10
20913,10
20914,10
20915,10
20916,10
20917,10
20918,10
20919,10
20920,10
20921,10
20922,10
20923,10
20924,10
20925,10
20926,10
20927,10
20928,10
20929,10
20930,10
20931,10
20932,10
20933,10
20934,10
20935,10
20936,10
20937,10
20938,10
20939,10
20940,10
20941,10
20942,10
20943,10
20944,10
20945,10
20946,10
20947,10
20948,10
20949,10
20950,10
20951,10
20952,10
20953,10
20954,10
20955,10
20956,10
20957,10
20958,10
20959,10
20960,10
20961,10
20962,10
20963,10
20964,10
20965,10
20966,10
20967,10
20968,10
20969,10
20970,10
20971,10
20972,10
20973,10
20974,10
20975,10
20976,10
20977,10
20978,10
20979,10
20980,10
20981,10
20982,10
20983,10
20984,10
20985,10
20986,10
20987,10
20988,10
20989,10
20990,10
20991,10
20992,10
20993,10
20994,10
20995,10
20996,10
20997,10
20998,10
20999,10
21000,10
21001,10
21002,10
21003,10
21004,10
21005,10
21006,10
21007,10
21008,10
21009,10
21010,10
21011,10
21012,10
21013,10
21014,10
21015,10
21016,10
21017,10
21018,10
21019,10
21020,10
21021,10
21022,10
21023,10
21024,10
21025,10
21026,10
21027,10
21028,10
21029,10
21030,10
21031,10
21032,10
21033,10
21034,10
21035,10
21036,10
21037,10
21038,10
21039,10
21040,10
21041,10
21042,10
21043,10
21044,10
21045,10
21046,10
21047,10
21048,10
21049,10
21050,10
21051,10
21052,10
21053,10
21054,10
21055,10
21056,10
21057,10
21058,10
21059,10
21060,10
21061,10
21062,10
21063,10
21064,10
21065,10
21066,10
21067,10
21068,10
21069,10
21070,10
21071,10
21072,10
21073,10
21074,10
21075,10
21076,10
21077,10
21078,10
21079,10
21080,10
21081,10
21082,10
21083,10
21084,10
21085,10
21086,10
21087,10
21088,10
21089,10
21090,10
21091,10
21092,10
21093,10
21094,10
21095,10
21096,10
21097,10
21098,10
21099,10
21100,10
21101,10
21102,10
21103,10
21104,10
21105,10
21106,10
21107,10
21108,10
21109,10
21110,10
21111,10
21112,10
21113,10
21114,10
21115,10
21116,10
21117,10
21118,10
21119,10
21120,10
21121,10
21122,10
21123,10
21124,10
21125,10
21126,10
21127,10
21128,10
21129,10
21130,10
21131,10
21132,10
21133,10
21134,10
21135,10
21136,10
21137,10
21138,10
21139,10
21140,10
21141,10
21142,10
21143,10
21144,10
21145,10
21146,10
21147,10
21148,10
21149,10
21150,10
21151,10
21152,10
21153,10
21154,10
21155,10
21156,10
21157,10
21158,10
21159,10
21160,10
21161,10
21162,10
21163,10
21164,10
21165,10
21166,10
21167,10
21168,10
21169,10
21170,10
21171,10
21172,10
21173,10
21174,10
21175,10
21176,10
21177,10
21178,10
21179,10
21180,10
21181,10
21182,10
21183,10
21184,10
21185,10
21186,10
21187,10
21188,10
21189,10
21190,10
21191,10
21192,10
21193,10
21194,10
21195,10
21196,10
21197,10
21198,10
21199,10
21200,10
21201,10
21202,10
21203,10
21204,10
21205,10
21206,10
21207,10
21208,10
21209,10
21210,10
21211,10
21212,10
21213,10
21214,10
21215,10
21216,10
21217,10
21218,10
21219,10
21220,10
21221,10
21222,10
21223,10
21224,10
21225,10
21226,10
21227,10
21228,10
21229,10
21230,10
21231,10
21232,10
21233,10
21234,10
21235,10
21236,10
21237,10
21238,10
21239,10
21240,10
21241,10
21242,10
21243,10
21244,10
21245,10
21246,10
21247,10
21248,10
21249,10
21250,10
21251,10
21252,10
21253,10
21254,10
21255,10
21256,10
21257,10
21258,10
21259,10
21260,10
21261,10
21262,10
21263,10
21264,10
21265,10
21266,10
21267,10
21268,10
21269,10
21270,10
21271,10
21272,10
21273,10
21274,10
21275,10
21276,10
21277,10
21278,10
21279,10
21280,10
21281,10
21282,10
21283,10
21284,10
21285,10
21286,10
21287,10
21288,10
21289,10
21290,10
21291,10
21292,10
21293,10
21294,10
21295,10
21296,10
21297,10
21298,10
21299,10
21300,10
21301,10
21302,10
21303,10
21304,10
21305,10
21306,10
21307,10
21308,10
21309,10
21310,10
21311,10
21312,10
21313,10
21314,10
21315,10
21316,10
21317,10
21318,10
21319,10
21320,10
21321,10
21322,10
21323,10
21324,10
21325,10
21326,10
21327,10
21328,10
21329,10
21330,10
21331,10
21332,10
21333,10
21334,10
21335,10
21336,10
21337,10
21338,10
21339,10
21340,10
21341,10
21342,10
21343,10
21344,10
21345,10
21346,10
21347,10
21348,10
21349,10
21350,10
21351,10
21352,10
21353,10
21354,10
21355,10
21356,10
21357,10
21358,10
21359,10
21360,10
21361,10
21362,10
21363,10
21364,10
21365,10
21366,10
21367,10
21368,10
21369,10
21370,10
21371,10
21372,10
21373,10
21374,10
21375,10
21376,10
21377,10
21378,10
21379,10
21380,10
21381,10
21382,10
21383,10
21384,10
21385,10
21386,10
21387,10
21388,10
21389,10
21390,10
21391,10
21392,10
21393,10
21394,10
21395,10
21396,10
21397,10
21398,10
21399,10
21400,10
21401,10
21402,10
21403,10
21404,10
21405,10
21406,10
21407,10
21408,10
21409,10
21410,10
21411,10
21412,10
21413,10
21414,10
21415,10
21416,10
21417,10
21418,10
21419,10
21420,10
21421,10
21422,10
21423,10
21424,10
21425,10
21426,10
21427,10
21428,10
21429,10
21430,10
21431,10
21432,10
21433,10
21434,10
21435,10
21436,10
21437,10
21438,10
21439,10
21440,10
21441,10
21442,10
21443,10
21444,10
21445,10
21446,10
21447,10
21448,10
21449,10
21450,10
21451,10
21452,10
21453,10
21454,10
21455,10
21456,10
21457,10
21458,10
21459,10
21460,10
21461,10
21462,10
21463,10
21464,10
21465,10
21466,10
21467,10
21468,10
21469,10
21470,10
21471,10
21472,10
21473,10
21474,10
21475,10
21476,10
21477,10
21478,10
21479,10
21480,10
21481,10
21482,10
21483,10
21484,10
21485,10
21486,10
21487,10
21488,10
21489,10
21490,10
21491,10
21492,10
21493,10
21494,10
21495,10
21496,10
21497,10
21498,10
21499,10
21500,10
21501,10
21502,10
21503,10
21504,10
21505,10
21506,10
21507,10
21508,10
21509,10
21510,10
21511,10
21512,10
21513,10
21514,10
21515,10
21516,10
21517,10
21518,10
21519,10
21520,10
21521,10
21522,10
21523,10
21524,10
21525,10
21526,10
21527,10
21528,10
21529,10
21530,10
21531,10
21532,10
21533,10
21534,10
21535,10
21536,10
21537,10
21538,10
21539,10
21540,10
21541,10
21542,10
21543,10
21544,10
21545,10
21546,10
21547,10
21548,10
21549,10
21550,10
21551,10
21552,10
21553,10
21554,10
21555,10
21556,10
21557,10
21558,10
21559,10
21560,10
21561,10
21562,10
21563,10
21564,10
21565,10
21566,10
21567,10
21568,10
21569,10
21570,10
21571,10
21572,10
21573,10
21574,10
21575,10
21576,10
21577,10
21578,10
21579,10
21580,10
21581,10
21582,10
21583,10
21584,10
21585,10
21586,10
21587,10
21588,10
21589,10
21590,10
21591,10
21592,10
21593,10
21594,10
21595,10
21596,10
21597,10
21598,10
21599,10
21600,10
21601,10
21602,10
21603,10
21604,10
21605,10
21606,10
21607,10
21608,10
21609,10
21610,10
21611,10
21612,10
21613,10
21614,10
21615,10
21616,10
21617,10
21618,10
21619,10
21620,10
21621,10
21622,10
21623,10
21624,10
21625,10
21626,10
21627,10
21628,10
21629,10
21630,10
21631,10
21632,10
21633,10
21634,10
21635,10
21636,10
21637,10
21638,10
21639,10
21640,10
21641,10
21642,10
21643,10
21644,10
21645,10
21646,10
21647,10
21648,10
21649,10
21650,10
21651,10
21652,10
21653,10
21654,10
21655,10
21656,10
21657,10
21658,10
21659,10
21660,10
21661,10
21662,10
21663,10
21664,10
21665,10
21666,10
21667,10
21668,10
21669,10
21670,10
21671,10
21672,10
21673,10
21674,10
21675,10
21676,10
21677,10
21678,10
21679,10
21680,10
21681,10
21682,10
21683,10
21684,10
21685,10
21686,10
21687,10
21688,10
21689,10
21690,10
21691,10
21692,10
21693,10
21694,10
21695,10
21696,10
21697,10
21698,10
21699,10
21700,10
21701,10
21702,10
21703,10
21704,10
21705,10
21706,10
21707,10
21708,10
21709,10
21710,10
21711,10
21712,10
21713,10
21714,10
21715,10
21716,10
21717,10
21718,10
21719,10
21720,10
21721,10
21722,10
21723,10
21724,10
21725,10
21726,10
21727,10
21728,10
21729,10
21730,10
21731,10
21732,10
21733,10
21734,10
21735,10
21736,10
21737,10
21738,10
21739,10
21740,10
21741,10
21742,10
21743,10
21744,10
21745,10
21746,10
21747,10
21748,10
21749,10
21750,10
21751,10
21752,10
21753,10
21754,10
21755,10
21756,10
21757,10
21758,10
21759,10
21760,10
21761,10
21762,10
21763,10
21764,10
21765,10
21766,10
21767,10
21768,10
21769,10
21770,10
21771,10
21772,10
21773,10
21774,10
21775,10
21776,10
21777,10
21778,10
21779,10
21780,10
21781,10
21782,10
21783,10
21784,10
21785,10
21786,10
21787,10
21788,10
21789,10
21790,10
21791,10
21792,10
21793,10
21794,10
21795,10
21796,10
21797,10
21798,10
21799,10
21800,10
21801,10
21802,10
21803,10
21804,10
21805,10
21806,10
21807,10
21808,10
21809,10
21810,10
21811,10
21812,10
21813,10
21814,10
21815,10
21816,10
21817,10
21818,10
21819,10
21820,10
21821,10
21822,10
21823,10
21824,10
21825,10
21826,10
21827,10
21828,10
21829,10
21830,10
21831,10
21832,10
21833,10
21834,10
21835,10
21836,10
21837,10
21838,10
21839,10
21840,10
21841,10
21842,10
21843,10
21844,10
21845,10
21846,10
21847,10
21848,10
21849,10
21850,10
21851,10
21852,10
21853,10
21854,10
21855,10
21856,10
21857,10
21858,10
21859,10
21860,10
21861,10
21862,10
21863,10
21864,10
21865,10
21866,10
21867,10
21868,10
21869,10
21870,10
21871,10
21872,10
21873,10
21874,10
21875,10
21876,10
21877,10
21878,10
21879,10
21880,10
21881,10
21882,10
21883,10
21884,10
21885,10
21886,10
21887,10
21888,10
21889,10
21890,10
21891,10
21892,10
21893,10
21894,10
21895,10
21896,10
21897,10
21898,10
21899,10
21900,10
21901,10
21902,10
21903,10
21904,10
21905,10
21906,10
21907,10
21908,10
21909,10
21910,10
21911,10
21912,10
21913,10
21914,10
21915,10
21916,10
21917,10
21918,10
21919,10
21920,10
21921,10
21922,10
21923,10
21924,10
21925,10
21926,10
21927,10
21928,10
21929,10
21930,10
21931,10
21932,10
21933,10
21934,10
21935,10
21936,10
21937,10
21938,10
21939,10
21940,10
21941,10
21942,10
21943,10
21944,10
21945,10
21946,10
21947,10
21948,10
21949,10
21950,10
21951,10
21952,10
21953,10
21954,10
21955,10
21956,10
21957,10
21958,10
21959,10
21960,10
21961,10
21962,10
21963,10
21964,10
21965,10
21966,10
21967,10
21968,10
21969,10
21970,10
21971,10
21972,10
21973,10
21974,10
21975,10
21976,10
21977,10
21978,10
21979,10
21980,10
21981,10
21982,10
21983,10
21984,10
21985,10
21986,10
21987,10
21988,10
21989,10
21990,10
21991,10
21992,10
21993,10
21994,10
21995,10
21996,10
21997,10
21998,10
21999,10
22000,10
22001,10
22002,10
22003,10
22004,10
22005,10
22006,10
22007,10
22008,10
22009,10
22010,10
22011,10
22012,10
22013,10
22014,10
22015,10
22016,10
22017,10
22018,10
22019,10
22020,10
22021,10
22022,10
22023,10
22024,10
22025,10
22026,10
22027,10
22028,10
22029,10
22030,10
22031,10
22032,10
22033,10
22034,10
22035,10
22036,10
22037,10
22038,10
22039,10
22040,10
22041,10
22042,10
22043,10
22044,10
22045,10
22046,10
22047,10
22048,10
22049,10
22050,10
22051,10
22052,10
22053,10
22054,10
22055,10
22056,10
22057,10
22058,10
22059,10
22060,10
22061,10
22062,10
22063,10
22064,10
22065,10
22066,10
22067,10
22068,10
22069,10
22070,10
22071,10
22072,10
22073,10
22074,10
22075,10
22076,10
22077,10
22078,10
22079,10
22080,10
22081,10
22082,10
22083,10
22084,10
22085,10
22086,10
22087,10
22088,10
22089,10
22090,10
22091,10
22092,10
22093,10
22094,10
22095,10
22096,10
22097,10
22098,10
22099,10
22100,10
22101,10
22102,10
22103,10
22104,10
22105,10
22106,10
22107,10
22108,10
22109,10
22110,10
22111,10
22112,10
22113,10
22114,10
22115,10
22116,10
22117,10
22118,10
22119,10
22120,10
22121,10
22122,10
22123,10
22124,10
22125,10
22126,10
22127,10
22128,10
22129,10
22130,10
22131,10
22132,10
22133,10
22134,10
22135,10
22136,10
22137,10
22138,10
22139,10
22140,10
22141,10
22142,10
22143,10
22144,10
22145,10
22146,10
22147,10
22148,10
22149,10
22150,10
22151,10
22152,10
22153,10
22154,10
22155,10
22156,10
22157,10
22158,10
22159,10
22160,10
22161,10
22162,10
22163,10
22164,10
22165,10
22166,10
22167,10
22168,10
22169,10
22170,10
22171,10
22172,10
22173,10
22174,10
22175,10
22176,10
22177,10
22178,10
22179,10
22180,10
22181,10
22182,10
22183,10
22184,10
22185,10
22186,10
22187,10
22188,10
22189,10
22190,10
22191,10
22192,10
22193,10
22194,10
22195,10
22196,10
22197,10
22198,10
22199,10
22200,10
22201,10
22202,10
22203,10
22204,10
22205,10
22206,10
22207,10
22208,10
22209,10
22210,10
22211,10
22212,10
22213,10
22214,10
22215,10
22216,10
22217,10
22218,10
22219,10
22220,10
22221,10
22222,10
22223,10
22224,10
22225,10
22226,10
22227,10
22228,10
22229,10
22230,10
22231,10
22232,10
22233,10
22234,10
22235,10
22236,10
22237,10
22238,10
22239,10
22240,10
22241,10
22242,10
22243,10
22244,10
22245,10
22246,10
22247,10
22248,10
22249,10
22250,10
22251,10
22252,10
22253,10
22254,10
22255,10
22256,10
22257,10
22258,10
22259,10
22260,10
22261,10
22262,10
22263,10
22264,10
22265,10
22266,10
22267,10
22268,10
22269,10
22270,10
22271,10
22272,10
22273,10
22274,10
22275,10
22276,10
22277,10
22278,10
22279,10
22280,10
22281,10
22282,10
22283,10
22284,10
22285,10
22286,10
22287,10
22288,10
22289,10
22290,10
22291,10
22292,10
22293,10
22294,10
22295,10
22296,10
22297,10
22298,10
22299,10
22300,10
22301,10
22302,10
22303,10
22304,10
22305,10
22306,10
22307,10
22308,10
22309,10
22310,10
22311,10
22312,10
22313,10
22314,10
22315,10
22316,10
22317,10
22318,10
22319,10
22320,10
22321,10
22322,10
22323,10
22324,10
22325,10
22326,10
22327,10
22328,10
22329,10
22330,10
22331,10
22332,10
22333,10
22334,10
22335,10
22336,10
22337,10
22338,10
22339,10
22340,10
22341,10
22342,10
22343,10
22344,10
22345,10
22346,10
22347,10
22348,10
22349,10
22350,10
22351,10
22352,10
22353,10
22354,10
22355,10
22356,10
22357,10
22358,10
22359,10
22360,10
22361,10
22362,10
22363,10
22364,10
22365,10
22366,10
22367,10
22368,10
22369,10
22370,10
22371,10
22372,10
22373,10
22374,10
22375,10
22376,10
22377,10
22378,10
22379,10
22380,10
22381,10
22382,10
22383,10
22384,10
22385,10
22386,10
22387,10
22388,10
22389,10
22390,10
22391,10
22392,10
22393,10
22394,10
22395,10
22396,10
22397,10
22398,10
22399,10
22400,10
22401,10
22402,10
22403,10
22404,10
22405,10
22406,10
22407,10
22408,10
22409,10
22410,10
22411,10
22412,10
22413,10
22414,10
22415,10
22416,10
22417,10
22418,10
22419,10
22420,10
22421,10
22422,10
22423,10
22424,10
22425,10
22426,10
22427,10
22428,10
22429,10
22430,10
22431,10
22432,10
22433,10
22434,10
22435,10
22436,10
22437,10
22438,10
22439,10
22440,10
22441,10
22442,10
22443,10
22444,10
22445,10
22446,10
22447,10
22448,10
22449,10
22450,10
22451,10
22452,10
22453,10
22454,10
22455,10
22456,10
22457,10
22458,10
22459,10
22460,10
22461,10
22462,10
22463,10
22464,10
22465,10
22466,10
22467,10
22468,10
22469,10
22470,10
22471,10
22472,10
22473,10
22474,10
22475,10
22476,10
22477,10
22478,10
22479,10
22480,10
22481,10
22482,10
22483,10
22484,10
22485,10
22486,10
22487,10
22488,10
22489,10
22490,10
22491,10
22492,10
22493,10
22494,10
22495,10
22496,10
22497,10
22498,10
22499,10
22500,10
22501,10
22502,10
22503,10
22504,10
22505,10
22506,10
22507,10
22508,10
22509,10
22510,10
22511,10
22512,10
22513,10
22514,10
22515,10
22516,10
22517,10
22518,10
22519,10
22520,10
22521,10
22522,10
22523,10
22524,10
22525,10
22526,10
22527,10
22528,10
22529,10
22530,10
22531,10
22532,10
22533,10
22534,10
22535,10
22536,10
22537,10
22538,10
22539,10
22540,10
22541,10
22542,10
22543,10
22544,10
22545,10
22546,10
22547,10
22548,10
22549,10
22550,10
22551,10
22552,10
22553,10
22554,10
22555,10
22556,10
22557,10
22558,10
22559,10
22560,10
22561,10
22562,10
22563,10
22564,10
22565,10
22566,10
22567,10
22568,10
22569,10
22570,10
22571,10
22572,10
22573,10
22574,10
22575,10
22576,10
22577,10
22578,10
22579,10
22580,10
22581,10
22582,10
22583,10
22584,10
22585,10
22586,10
22587,10
22588,10
22589,10
22590,10
22591,10
22592,10
22593,10
22594,10
22595,10
22596,10
22597,10
22598,10
22599,10
22600,10
22601,10
22602,10
22603,10
22604,10
22605,10
22606,10
22607,10
22608,10
22609,10
22610,10
22611,10
22612,10
22613,10
22614,10
22615,10
22616,10
22617,10
22618,10
22619,10
22620,10
22621,10
22622,10
22623,10
22624,10
22625,10
22626,10
22627,10
22628,10
22629,10
22630,10
22631,10
22632,10
22633,10
22634,10
22635,10
22636,10
22637,10
22638,10
22639,10
22640,10
22641,10
22642,10
22643,10
22644,10
22645,10
22646,10
22647,10
22648,10
22649,10
22650,10
22651,10
22652,10
22653,10
22654,10
22655,10
22656,10
22657,10
22658,10
22659,10
22660,10
22661,10
22662,10
22663,10
22664,10
22665,10
22666,10
22667,10
22668,10
22669,10
22670,10
22671,10
22672,10
22673,10
22674,10
22675,10
22676,10
22677,10
22678,10
22679,10
22680,10
22681,10
22682,10
22683,10
22684,10
22685,10
22686,10
22687,10
22688,10
22689,10
22690,10
22691,10
22692,10
22693,10
22694,10
22695,10
22696,10
22697,10
22698,10
22699,10
22700,10
22701,10
22702,10
22703,10
22704,10
22705,10
22706,10
22707,10
22708,10
22709,10
22710,10
22711,10
22712,10
22713,10
22714,10
22715,10
22716,10
22717,10
22718,10
22719,10
22720,10
22721,10
22722,10
22723,10
22724,10
22725,10
22726,10
22727,10
22728,10
22729,10
22730,10
22731,10
22732,10
22733,10
22734,10
22735,10
22736,10
22737,10
22738,10
22739,10
22740,10
22741,10
22742,10
22743,10
22744,10
22745,10
22746,10
22747,10
22748,10
22749,10
22750,10
22751,10
22752,10
22753,10
22754,10
22755,10
22756,10
22757,10
22758,10
22759,10
22760,10
22761,10
22762,10
22763,10
22764,10
22765,10
22766,10
22767,10
22768,10
22769,10
22770,10
22771,10
22772,10
22773,10
22774,10
22775,10
22776,10
22777,10
22778,10
22779,10
22780,10
22781,10
22782,10
22783,10
22784,10
22785,10
22786,10
22787,10
22788,10
22789,10
22790,10
22791,10
22792,10
22793,10
22794,10
22795,10
22796,10
22797,10
22798,10
22799,10
22800,10
22801,10
22802,10
22803,10
22804,10
22805,10
22806,10
22807,10
22808,10
22809,10
22810,10
22811,10
22812,10
22813,10
22814,10
22815,10
22816,10
22817,10
22818,10
22819,10
22820,10
22821,10
22822,10
22823,10
22824,10
22825,10
22826,10
22827,10
22828,10
22829,10
22830,10
22831,10
22832,10
22833,10
22834,10
22835,10
22836,10
22837,10
22838,10
22839,10
22840,10
22841,10
22842,10
22843,10
22844,10
22845,10
22846,10
22847,10
22848,10
22849,10
22850,10
22851,10
22852,10
22853,10
22854,10
22855,10
22856,10
22857,10
22858,10
22859,10
22860,10
22861,10
22862,10
22863,10
22864,10
22865,10
22866,10
22867,10
22868,10
22869,10
22870,10
22871,10
22872,10
22873,10
22874,10
22875,10
22876,10
22877,10
22878,10
22879,10
22880,10
22881,10
22882,10
22883,10
22884,10
22885,10
22886,10
22887,10
22888,10
22889,10
22890,10
22891,10
22892,10
22893,10
22894,10
22895,10
22896,10
22897,10
22898,10
22899,10
22900,10
22901,10
22902,10
22903,10
22904,10
22905,10
22906,10
22907,10
22908,10
22909,10
22910,10
22911,10
22912,10
22913,10
22914,10
22915,10
22916,10
22917,10
22918,10
22919,10
22920,10
22921,10
22922,10
22923,10
22924,10
22925,10
22926,10
22927,10
22928,10
22929,10
22930,10
22931,10
22932,10
22933,10
22934,10
22935,10
22936,10
22937,10
22938,10
22939,10
22940,10
22941,10
22942,10
22943,10
22944,10
22945,10
22946,10
22947,10
22948,10
22949,10
22950,10
22951,10
22952,10
22953,10
22954,10
22955,10
22956,10
22957,10
22958,10
22959,10
22960,10
22961,10
22962,10
22963,10
22964,10
22965,10
22966,10
22967,10
22968,10
22969,10
22970,10
22971,10
22972,10
22973,10
22974,10
22975,10
22976,10
22977,10
22978,10
22979,10
22980,10
22981,10
22982,10
22983,10
22984,10
22985,10
22986,10
22987,10
22988,10
22989,10
22990,10
22991,10
22992,10
22993,10
22994,10
22995,10
22996,10
22997,10
22998,10
22999,10
23000,10
23001,10
23002,10
23003,10
23004,10
23005,10
23006,10
23007,10
23008,10
23009,10
23010,10
23011,10
23012,10
23013,10
23014,10
23015,10
23016,10
23017,10
23018,10
23019,10
23020,10
23021,10
23022,10
23023,10
23024,10
23025,10
23026,10
23027,10
23028,10
23029,10
23030,10
23031,10
23032,10
23033,10
23034,10
23035,10
23036,10
23037,10
23038,10
23039,10
23040,10
23041,10
23042,10
23043,10
23044,10
23045,10
23046,10
23047,10
23048,10
23049,10
23050,10
23051,10
23052,10
23053,10
23054,10
23055,10
23056,10
23057,10
23058,10
23059,10
23060,10
23061,10
23062,10
23063,10
23064,10
23065,10
23066,10
23067,10
23068,10
23069,10
23070,10
23071,10
23072,10
23073,10
23074,10
23075,10
23076,10
23077,10
23078,10
23079,10
23080,10
23081,10
23082,10
23083,10
23084,10
23085,10
23086,10
23087,10
23088,10
23089,10
23090,10
23091,10
23092,10
23093,10
23094,10
23095,10
23096,10
23097,10
23098,10
23099,10
23100,10
23101,10
23102,10
23103,10
23104,10
23105,10
23106,10
23107,10
23108,10
23109,10
23110,10
23111,10
23112,10
23113,10
23114,10
23115,10
23116,10
23117,10
23118,10
23119,10
23120,10
23121,10
23122,10
23123,10
23124,10
23125,10
23126,10
23127,10
23128,10
23129,10
23130,10
23131,10
23132,10
23133,10
23134,10
23135,10
23136,10
23137,10
23138,10
23139,10
23140,10
23141,10
23142,10
23143,10
23144,10
23145,10
23146,10
23147,10
23148,10
23149,10
23150,10
23151,10
23152,10
23153,10
23154,10
23155,10
23156,10
23157,10
23158,10
23159,10
23160,10
23161,10
23162,10
23163,10
23164,10
23165,10
23166,10
23167,10
23168,10
23169,10
23170,10
23171,10
23172,10
23173,10
23174,10
23175,10
23176,10
23177,10
23178,10
23179,10
23180,10
23181,10
23182,10
23183,10
23184,10
23185,10
23186,10
23187,10
23188,10
23189,10
23190,10
23191,10
23192,10
23193,10
23194,10
23195,10
23196,10
23197,10
23198,10
23199,10
23200,10
23201,10
23202,10
23203,10
23204,10
23205,10
23206,10
23207,10
23208,10
23209,10
23210,10
23211,10
23212,10
23213,10
23214,10
23215,10
23216,10
23217,10
23218,10
23219,10
23220,10
23221,10
23222,10
23223,10
23224,10
23225,10
23226,10
23227,10
23228,10
23229,10
23230,10
23231,10
23232,10
23233,10
23234,10
23235,10
23236,10
23237,10
23238,10
23239,10
23240,10
23241,10
23242,10
23243,10
23244,10
23245,10
23246,10
23247,10
23248,10
23249,10
23250,10
23251,10
23252,10
23253,10
23254,10
23255,10
23256,10
23257,10
23258,10
23259,10
23260,10
23261,10
23262,10
23263,10
23264,10
23265,10
23266,10
23267,10
23268,10
23269,10
23270,10
23271,10
23272,10
23273,10
23274,10
23275,10
23276,10
23277,10
23278,10
23279,10
23280,10
23281,10
23282,10
23283,10
23284,10
23285,10
23286,10
23287,10
23288,10
23289,10
23290,10
23291,10
23292,10
23293,10
23294,10
23295,10
23296,10
23297,10
23298,10
23299,10
23300,10
23301,10
23302,10
23303,10
23304,10
23305,10
23306,10
23307,10
23308,10
23309,10
23310,10
23311,10
23312,10
23313,10
23314,10
23315,10
23316,10
23317,10
23318,10
23319,10
23320,10
23321,10
23322,10
23323,10
23324,10
23325,10
23326,10
23327,10
23328,10
23329,10
23330,10
23331,10
23332,10
23333,10
23334,10
23335,10
23336,10
23337,10
23338,10
23339,10
23340,10
23341,10
23342,10
23343,10
23344,10
23345,10
23346,10
23347,10
23348,10
23349,10
23350,10
23351,10
23352,10
23353,10
23354,10
23355,10
23356,10
23357,10
23358,10
23359,10
23360,10
23361,10
23362,10
23363,10
23364,10
23365,10
23366,10
23367,10
23368,10
23369,10
23370,10
23371,10
23372,10
23373,10
23374,10
23375,10
23376,10
23377,10
23378,10
23379,10
23380,10
23381,10
23382,10
23383,10
23384,10
23385,10
23386,10
23387,10
23388,10
23389,10
23390,10
23391,10
23392,10
23393,10
23394,10
23395,10
23396,10
23397,10
23398,10
23399,10
23400,10
23401,10
23402,10
23403,10
23404,10
23405,10
23406,10
23407,10
23408,10
23409,10
23410,10
23411,10
23412,10
23413,10
23414,10
23415,10
23416,10
23417,10
23418,10
23419,10
23420,10
23421,10
23422,10
23423,10
23424,10
23425,10
23426,10
23427,10
23428,10
23429,10
23430,10
23431,10
23432,10
23433,10
23434,10
23435,10
23436,10
23437,10
23438,10
23439,10
23440,10
23441,10
23442,10
23443,10
23444,10
23445,10
23446,10
23447,10
23448,10
23449,10
23450,10
23451,10
23452,10
23453,10
23454,10
23455,10
23456,10
23457,10
23458,10
23459,10
23460,10
23461,10
23462,10
23463,10
23464,10
23465,10
23466,10
23467,10
23468,10
23469,10
23470,10
23471,10
23472,10
23473,10
23474,10
23475,10
23476,10
23477,10
23478,10
23479,10
23480,10
23481,10
23482,10
23483,10
23484,10
23485,10
23486,10
23487,10
23488,10
23489,10
23490,10
23491,10
23492,10
23493,10
23494,10
23495,10
23496,10
23497,10
23498,10
23499,10
23500,10
23501,10
23502,10
23503,10
23504,10
23505,10
23506,10
23507,10
23508,10
23509,10
23510,10
23511,10
23512,10
23513,10
23514,10
23515,10
23516,10
23517,10
23518,10
23519,10
23520,10
23521,10
23522,10
23523,10
23524,10
23525,10
23526,10
23527,10
23528,10
23529,10
23530,10
23531,10
23532,10
23533,10
23534,10
23535,10
23536,10
23537,10
23538,10
23539,10
23540,10
23541,10
23542,10
23543,10
23544,10
23545,10
23546,10
23547,10
23548,10
23549,10
23550,10
23551,10
23552,10
23553,10
23554,10
23555,10
23556,10
23557,10
23558,10
23559,10
23560,10
23561,10
23562,10
23563,10
23564,10
23565,10
23566,10
23567,10
23568,10
23569,10
23570,10
23571,10
23572,10
23573,10
23574,10
23575,10
23576,10
23577,10
23578,10
23579,10
23580,10
23581,10
23582,10
23583,10
23584,10
23585,10
23586,10
23587,10
23588,10
23589,10
23590,10
23591,10
23592,10
23593,10
23594,10
23595,10
23596,10
23597,10
23598,10
23599,10
23600,10
23601,10
23602,10
23603,10
23604,10
23605,10
23606,10
23607,10
23608,10
23609,10
23610,10
23611,10
23612,10
23613,10
23614,10
23615,10
23616,10
23617,10
23618,10
23619,10
23620,10
23621,10
23622,10
23623,10
23624,10
23625,10
23626,10
23627,10
23628,10
23629,10
23630,10
23631,10
23632,10
23633,10
23634,10
23635,10
23636,10
23637,10
23638,10
23639,10
23640,10
23641,10
23642,10
23643,10
23644,10
23645,10
23646,10
23647,10
23648,10
23649,10
23650,10
23651,10
23652,10
23653,10
23654,10
23655,10
23656,10
23657,10
23658,10
23659,10
23660,10
23661,10
23662,10
23663,10
23664,10
23665,10
23666,10
23667,10
23668,10
23669,10
23670,10
23671,10
23672,10
23673,10
23674,10
23675,10
23676,10
23677,10
23678,10
23679,10
23680,10
23681,10
23682,10
23683,10
23684,10
23685,10
23686,10
23687,10
23688,10
23689,10
23690,10
23691,10
23692,10
23693,10
23694,10
23695,10
23696,10
23697,10
23698,10
23699,10
23700,10
23701,10
23702,10
23703,10
23704,10
23705,10
23706,10
23707,10
23708,10
23709,10
23710,10
23711,10
23712,10
23713,10
23714,10
23715,10
23716,10
23717,10
23718,10
23719,10
23720,10
23721,10
23722,10
23723,10
23724,10
23725,10
23726,10
23727,10
23728,10
23729,10
23730,10
23731,10
23732,10
23733,10
23734,10
23735,10
23736,10
23737,10
23738,10
23739,10
23740,10
23741,10
23742,10
23743,10
23744,10
23745,10
23746,10
23747,10
23748,10
23749,10
23750,10
23751,10
23752,10
23753,10
23754,10
23755,10
23756,10
23757,10
23758,10
23759,10
23760,10
23761,10
23762,10
23763,10
23764,10
23765,10
23766,10
23767,10
23768,10
23769,10
23770,10
23771,10
23772,10
23773,10
23774,10
23775,10
23776,10
23777,10
23778,10
23779,10
23780,10
23781,10
23782,10
23783,10
23784,10
23785,10
23786,10
23787,10
23788,10
23789,10
23790,10
23791,10
23792,10
23793,10
23794,10
23795,10
23796,10
23797,10
23798,10
23799,10
23800,10
23801,10
23802,10
23803,10
23804,10
23805,10
23806,10
23807,10
23808,10
23809,10
23810,10
23811,10
23812,10
23813,10
23814,10
23815,10
23816,10
23817,10
23818,10
23819,10
23820,10
23821,10
23822,10
23823,10
23824,10
23825,10
23826,10
23827,10
23828,10
23829,10
23830,10
23831,10
23832,10
23833,10
23834,10
23835,10
23836,10
23837,10
23838,10
23839,10
23840,10
23841,10
23842,10
23843,10
23844,10
23845,10
23846,10
23847,10
23848,10
23849,10
23850,10
23851,10
23852,10
23853,10
23854,10
23855,10
23856,10
23857,10
23858,10
23859,10
23860,10
23861,10
23862,10
23863,10
23864,10
23865,10
23866,10
23867,10
23868,10
23869,10
23870,10
23871,10
23872,10
23873,10
23874,10
23875,10
23876,10
23877,10
23878,10
23879,10
23880,10
23881,10
23882,10
23883,10
23884,10
23885,10
23886,10
23887,10
23888,10
23889,10
23890,10
23891,10
23892,10
23893,10
23894,10
23895,10
23896,10
23897,10
23898,10
23899,10
23900,10
23901,10
23902,10
23903,10
23904,10
23905,10
23906,10
23907,10
23908,10
23909,10
23910,10
23911,10
23912,10
23913,10
23914,10
23915,10
23916,10
23917,10
23918,10
23919,10
23920,10
23921,10
23922,10
23923,10
23924,10
23925,10
23926,10
23927,10
23928,10
23929,10
23930,10
23931,10
23932,10
23933,10
23934,10
23935,10
23936,10
23937,10
23938,10
23939,10
23940,10
23941,10
23942,10
23943,10
23944,10
23945,10
23946,10
23947,10
23948,10
23949,10
23950,10
23951,10
23952,10
23953,10
23954,10
23955,10
23956,10
23957,10
23958,10
23959,10
23960,10
23961,10
23962,10
23963,10
23964,10
23965,10
23966,10
23967,10
23968,10
23969,10
23970,10
23971,10
23972,10
23973,10
23974,10
23975,10
23976,10
23977,10
23978,10
23979,10
23980,10
23981,10
23982,10
23983,10
23984,10
23985,10
23986,10
23987,10
23988,10
23989,10
23990,10
23991,10
23992,10
23993,10
23994,10
23995,10
23996,10
23997,10
23998,10
23999,10
24000,10
24001,10
24002,10
24003,10
24004,10
24005,10
24006,10
24007,10
24008,10
24009,10
24010,10
24011,10
24012,10
24013,10
24014,10
24015,10
24016,10
24017,10
24018,10
24019,10
24020,10
24021,10
24022,10
24023,10
24024,10
24025,10
24026,10
24027,10
24028,10
24029,10
24030,10
24031,10
24032,10
24033,10
24034,10
24035,10
24036,10
24037,10
24038,10
24039,10
24040,10
24041,10
24042,10
24043,10
24044,10
24045,10
24046,10
24047,10
24048,10
24049,10
24050,10
24051,10
24052,10
24053,10
24054,10
24055,10
24056,10
24057,10
24058,10
24059,10
24060,10
24061,10
24062,10
24063,10
24064,10
24065,10
24066,10
24067,10
24068,10
24069,10
24070,10
24071,10
24072,10
24073,10
24074,10
24075,10
24076,10
24077,10
24078,10
24079,10
24080,10
24081,10
24082,10
24083,10
24084,10
24085,10
24086,10
24087,10
24088,10
24089,10
24090,10
24091,10
24092,10
24093,10
24094,10
24095,10
24096,10
24097,10
24098,10
24099,10
24100,10
24101,10
24102,10
24103,10
24104,10
24105,10
24106,10
24107,10
24108,10
24109,10
24110,10
24111,10
24112,10
24113,10
24114,10
24115,10
24116,10
24117,10
24118,10
24119,10
24120,10
24121,10
24122,10
24123,10
24124,10
24125,10
24126,10
24127,10
24128,10
24129,10
24130,10
24131,10
24132,10
24133,10
24134,10
24135,10
24136,10
24137,10
24138,10
24139,10
24140,10
24141,10
24142,10
24143,10
24144,10
24145,10
24146,10
24147,10
24148,10
24149,10
24150,10
24151,10
24152,10
24153,10
24154,10
24155,10
24156,10
24157,10
24158,10
24159,10
24160,10
24161,10
24162,10
24163,10
24164,10
24165,10
24166,10
24167,10
24168,10
24169,10
24170,10
24171,10
24172,10
24173,10
24174,10
24175,10
24176,10
24177,10
24178,10
24179,10
24180,10
24181,10
24182,10
24183,10
24184,10
24185,10
24186,10
24187,10
24188,10
24189,10
24190,10
24191,10
24192,10
24193,10
24194,10
24195,10
24196,10
24197,10
24198,10
24199,10
24200,10
24201,10
24202,10
24203,10
24204,10
24205,10
24206,10
24207,10
24208,10
24209,10
24210,10
24211,10
24212,10
24213,10
24214,10
24215,10
24216,10
24217,10
24218,10
24219,10
24220,10
24221,10
24222,10
24223,10
24224,10
24225,10
24226,10
24227,10
24228,10
24229,10
24230,10
24231,10
24232,10
24233,10
24234,10
24235,10
24236,10
24237,10
24238,10
24239,10
24240,10
24241,10
24242,10
24243,10
24244,10
24245,10
24246,10
24247,10
24248,10
24249,10
24250,10
24251,10
24252,10
24253,10
24254,10
24255,10
24256,10
24257,10
24258,10
24259,10
24260,10
24261,10
24262,10
24263,10
24264,10
24265,10
24266,10
24267,10
24268,10
24269,10
24270,10
24271,10
24272,10
24273,10
24274,10
24275,10
24276,10
24277,10
24278,10
24279,10
24280,10
24281,10
24282,10
24283,10
24284,10
24285,10
24286,10
24287,10
24288,10
24289,10
24290,10
24291,10
24292,10
24293,10
24294,10
24295,10
24296,10
24297,10
24298,10
24299,10
24300,10
24301,10
24302,10
24303,10
24304,10
24305,10
24306,10
24307,10
24308,10
24309,10
24310,10
24311,10
24312,10
24313,10
24314,10
24315,10
24316,10
24317,10
24318,10
24319,10
24320,10
24321,10
24322,10
24323,10
24324,10
24325,10
24326,10
24327,10
24328,10
24329,10
24330,10
24331,10
24332,10
24333,10
24334,10
24335,10
24336,10
24337,10
24338,10
24339,10
24340,10
24341,10
24342,10
24343,10
24344,10
24345,10
24346,10
24347,10
24348,10
24349,10
24350,10
24351,10
24352,10
24353,10
24354,10
24355,10
24356,10
24357,10
24358,10
24359,10
24360,10
24361,10
24362,10
24363,10
24364,10
24365,10
24366,10
24367,10
24368,10
24369,10
24370,10
24371,10
24372,10
24373,10
24374,10
24375,10
24376,10
24377,10
24378,10
24379,10
24380,10
24381,10
24382,10
24383,10
24384,10
24385,10
24386,10
24387,10
24388,10
24389,10
24390,10
24391,10
24392,10
24393,10
24394,10
24395,10
24396,10
24397,10
24398,10
24399,10
24400,10
24401,10
24402,10
24403,10
24404,10
24405,10
24406,10
24407,10
24408,10
24409,10
24410,10
24411,10
24412,10
24413,10
24414,10
24415,10
24416,10
24417,10
24418,10
24419,10
24420,10
24421,10
24422,10
24423,10
24424,10
24425,10
24426,10
24427,10
24428,10
24429,10
24430,10
24431,10
24432,10
24433,10
24434,10
24435,10
24436,10
24437,10
24438,10
24439,10
24440,10
24441,10
24442,10
24443,10
24444,10
24445,10
24446,10
24447,10
24448,10
24449,10
24450,10
24451,10
24452,10
24453,10
24454,10
24455,10
24456,10
24457,10
24458,10
24459,10
24460,10
24461,10
24462,10
24463,10
24464,10
24465,10
24466,10
24467,10
24468,10
24469,10
24470,10
24471,10
24472,10
24473,10
24474,10
24475,10
24476,10
24477,10
24478,10
24479,10
24480,10
24481,10
24482,10
24483,10
24484,10
24485,10
24486,10
24487,10
24488,10
24489,10
24490,10
24491,10
24492,10
24493,10
24494,10
24495,10
24496,10
24497,10
24498,10
24499,10
24500,10
24501,10
24502,10
24503,10
24504,10
24505,10
24506,10
24507,10
24508,10
24509,10
24510,10
24511,10
24512,10
24513,10
24514,10
24515,10
24516,10
24517,10
24518,10
24519,10
24520,10
24521,10
24522,10
24523,10
24524,10
24525,10
24526,10
24527,10
24528,10
24529,10
24530,10
24531,10
24532,10
24533,10
24534,10
24535,10
24536,10
24537,10
24538,10
24539,10
24540,10
24541,10
24542,10
24543,10
24544,10
24545,10
24546,10
24547,10
24548,10
24549,10
24550,10
24551,10
24552,10
24553,10
24554,10
24555,10
24556,10
24557,10
24558,10
24559,10
24560,10
24561,10
24562,10
24563,10
24564,10
24565,10
24566,10
24567,10
24568,10
24569,10
24570,10
24571,10
24572,10
24573,10
24574,10
24575,10
24576,10
24577,10
24578,10
24579,10
24580,10
24581,10
24582,10
24583,10
24584,10
24585,10
24586,10
24587,10
24588,10
24589,10
24590,10
24591,10
24592,10
24593,10
24594,10
24595,10
24596,10
24597,10
24598,10
24599,10
24600,10
24601,10
24602,10
24603,10
24604,10
24605,10
24606,10
24607,10
24608,10
24609,10
24610,10
24611,10
24612,10
24613,10
24614,10
24615,10
24616,10
24617,10
24618,10
24619,10
24620,10
24621,10
24622,10
24623,10
24624,10
24625,10
24626,10
24627,10
24628,10
24629,10
24630,10
24631,10
24632,10
24633,10
24634,10
24635,10
24636,10
24637,10
24638,10
24639,10
24640,10
24641,10
24642,10
24643,10
24644,10
24645,10
24646,10
24647,10
24648,10
24649,10
24650,10
24651,10
24652,10
24653,10
24654,10
24655,10
24656,10
24657,10
24658,10
24659,10
24660,10
24661,10
24662,10
24663,10
24664,10
24665,10
24666,10
24667,10
24668,10
24669,10
24670,10
24671,10
24672,10
24673,10
24674,10
24675,10
24676,10
24677,10
24678,10
24679,10
24680,10
24681,10
24682,10
24683,10
24684,10
24685,10
24686,10
24687,10
24688,10
24689,10
24690,10
24691,10
24692,10
24693,10
24694,10
24695,10
24696,10
24697,10
24698,10
24699,10
24700,10
24701,10
24702,10
24703,10
24704,10
24705,10
24706,10
24707,10
24708,10
24709,10
24710,10
24711,10
24712,10
24713,10
24714,10
24715,10
24716,10
24717,10
24718,10
24719,10
24720,10
24721,10
24722,10
24723,10
24724,10
24725,10
24726,10
24727,10
24728,10
24729,10
24730,10
24731,10
24732,10
24733,10
24734,10
24735,10
24736,10
24737,10
24738,10
24739,10
24740,10
24741,10
24742,10
24743,10
24744,10
24745,10
24746,10
24747,10
24748,10
24749,10
24750,10
24751,10
24752,10
24753,10
24754,10
24755,10
24756,10
24757,10
24758,10
24759,10
24760,10
24761,10
24762,10
24763,10
24764,10
24765,10
24766,10
24767,10
24768,10
24769,10
24770,10
24771,10
24772,10
24773,10
24774,10
24775,10
24776,10
24777,10
24778,10
24779,10
24780,10
24781,10
24782,10
24783,10
24784,10
24785,10
24786,10
24787,10
24788,10
24789,10
24790,10
24791,10
24792,10
24793,10
24794,10
24795,10
24796,10
24797,10
24798,10
24799,10
24800,10
24801,10
24802,10
24803,10
24804,10
24805,10
24806,10
24807,10
24808,10
24809,10
24810,10
24811,10
24812,10
24813,10
24814,10
24815,10
24816,10
24817,10
24818,10
24819,10
24820,10
24821,10
24822,10
24823,10
24824,10
24825,10
24826,10
24827,10
24828,10
24829,10
24830,10
24831,10
24832,10
24833,10
24834,10
24835,10
24836,10
24837,10
24838,10
24839,10
24840,10
24841,10
24842,10
24843,10
24844,10
24845,10
24846,10
24847,10
24848,10
24849,10
24850,10
24851,10
24852,10
24853,10
24854,10
24855,10
24856,10
24857,10
24858,10
24859,10
24860,10
24861,10
24862,10
24863,10
24864,10
24865,10
24866,10
24867,10
24868,10
24869,10
24870,10
24871,10
24872,10
24873,10
24874,10
24875,10
24876,10
24877,10
24878,10
24879,10
24880,10
24881,10
24882,10
24883,10
24884,10
24885,10
24886,10
24887,10
24888,10
24889,10
24890,10
24891,10
24892,10
24893,10
24894,10
24895,10
24896,10
24897,10
24898,10
24899,10
24900,10
24901,10
24902,10
24903,10
24904,10
24905,10
24906,10
24907,10
24908,10
24909,10
24910,10
24911,10
24912,10
24913,10
24914,10
24915,10
24916,10
24917,10
24918,10
24919,10
24920,10
24921,10
24922,10
24923,10
24924,10
24925,10
24926,10
24927,10
24928,10
24929,10
24930,10
24931,10
24932,10
24933,10
24934,10
24935,10
24936,10
24937,10
24938,10
24939,10
24940,10
24941,10
24942,10
24943,10
24944,10
24945,10
24946,10
24947,10
24948,10
24949,10
24950,10
24951,10
24952,10
24953,10
24954,10
24955,10
24956,10
24957,10
24958,10
24959,10
24960,10
24961,10
24962,10
24963,10
24964,10
24965,10
24966,10
24967,10
24968,10
24969,10
24970,10
24971,10
24972,10
24973,10
24974,10
24975,10
24976,10
24977,10
24978,10
24979,10
24980,10
24981,10
24982,10
24983,10
24984,10
24985,10
24986,10
24987,10
24988,10
24989,10
24990,10
24991,10
24992,10
24993,10
24994,10
24995,10
24996,10
24997,10
24998,10
24999,10
